bill_id,household_id,bill_type,amount,billing_period_start,billing_period_end,due_date,is_paid
2446-584953,HH-####,Rent,141.98,1/6/2022,11/11/2022,7/24/2017,false
2545-593809,HH-####,Rent,147.94,1/6/2022,3/29/2024,3/16/2019,true
8538-918906,HH-####,Rent,55.93,1/5/2022,1/18/2016,12/28/2015,true
0643-333523,HH-####,Water,263.49,2/4/2022,4/1/2022,12/6/2022,true
0219-527748,HH-####,Electricity,83.2,2/5/2022,12/25/2020,7/18/2023,true
2967-855406,HH-####,Water,253.67,2/7/2022,10/27/2025,10/3/2018,true
9278-810812,HH-####,Internet,110.2,2/2/2022,1/24/2023,4/30/2020,true
8451-942991,HH-####,Water,224.73,1/4/2022,12/9/2019,12/26/2016,true
3752-376917,HH-####,Water,171.08,1/8/2022,9/26/2024,6/27/2020,false
6405-402965,HH-####,Electricity,83.9,2/8/2022,1/15/2023,11/10/2024,true
8267-955542,HH-####,Water,124.35,1/4/2022,2/13/2017,4/26/2019,false
3108-055654,HH-####,Rent,131.41,2/6/2022,12/31/2018,8/15/2022,false
9341-096650,HH-####,Rent,299.53,2/2/2022,4/28/2017,8/5/2024,true
6565-754213,HH-####,Water,140.79,2/2/2022,4/30/2017,9/27/2017,true
5065-581354,HH-####,Electricity,267.43,2/8/2022,7/24/2025,10/24/2016,true
1010-265597,HH-####,Water,151.61,1/9/2022,10/21/2024,12/18/2023,true
7160-451511,HH-####,Electricity,143.96,1/3/2022,8/22/2019,4/15/2015,false
7012-306832,HH-####,Internet,84.02,1/4/2022,6/17/2019,10/20/2024,false
6629-976577,HH-####,Rent,109.04,1/6/2022,4/13/2024,12/24/2019,true
9065-435498,HH-####,Gas,227.95,2/2/2022,10/8/2024,8/8/2024,true
7019-619746,HH-####,Gas,169.18,1/1/2022,2/1/2025,7/20/2018,false
8828-020135,HH-####,Water,162.42,1/8/2022,11/14/2020,8/5/2015,false
5140-443671,HH-####,Electricity,52.78,1/8/2022,11/24/2023,9/6/2020,false
8550-325557,HH-####,Electricity,89.19,1/3/2022,1/15/2025,5/4/2022,false
7353-026533,HH-####,Water,267.87,1/9/2022,9/23/2024,6/5/2024,true
6011-447327,HH-####,Water,212.14,1/6/2022,8/17/2018,12/14/2024,false
5409-836784,HH-####,Water,209.3,2/1/2022,5/16/2023,10/27/2015,true
4180-970957,HH-####,Water,283.84,1/3/2022,12/8/2015,3/18/2020,true
9051-474406,HH-####,Internet,133.71,2/5/2022,9/12/2023,11/6/2015,false
5686-783653,HH-####,Rent,110.18,1/6/2022,2/17/2022,10/20/2016,true
5658-510286,HH-####,Gas,239.03,2/2/2022,11/16/2019,4/3/2015,false
0665-649279,HH-####,Internet,221.81,2/5/2022,6/19/2017,9/14/2023,false
7398-602118,HH-####,Electricity,263.36,1/6/2022,3/7/2023,10/15/2021,false
4236-142939,HH-####,Rent,70.68,1/1/2022,11/20/2015,8/14/2018,true
6052-287520,HH-####,Gas,220.56,1/2/2022,11/24/2023,3/26/2024,true
5912-882517,HH-####,Water,159.31,2/6/2022,5/9/2018,8/14/2016,false
3028-946825,HH-####,Internet,279.35,2/6/2022,3/16/2025,10/7/2020,false
5098-805138,HH-####,Water,280.45,1/5/2022,1/22/2022,7/29/2015,true
4604-060576,HH-####,Internet,176.03,2/9/2022,12/14/2017,9/23/2016,false
7768-257685,HH-####,Water,129.82,2/1/2022,1/13/2025,7/20/2022,false
1640-043178,HH-####,Water,122.56,1/7/2022,6/1/2018,5/8/2018,false
8802-407352,HH-####,Water,132.32,2/9/2022,9/2/2022,10/17/2016,true
8065-466630,HH-####,Gas,223.09,2/7/2022,3/18/2024,4/11/2017,false
8028-776758,HH-####,Internet,178.7,1/9/2022,6/28/2021,7/27/2015,true
2046-408953,HH-####,Gas,135.0,1/3/2022,5/19/2018,8/31/2023,true
2915-250023,HH-####,Gas,112.29,2/4/2022,10/18/2017,2/22/2018,false
4501-561029,HH-####,Water,131.07,2/6/2022,1/4/2019,12/23/2024,true
6973-746929,HH-####,Gas,285.66,2/9/2022,7/5/2017,12/20/2021,false
2892-095213,HH-####,Gas,217.03,1/1/2022,12/20/2018,6/20/2024,false
0088-310286,HH-####,Rent,234.72,2/7/2022,10/30/2017,5/3/2019,false
5859-611381,HH-####,Electricity,263.71,2/3/2022,11/25/2021,9/6/2018,true
9819-823196,HH-####,Rent,142.64,2/8/2022,10/21/2022,9/28/2015,true
5615-658351,HH-####,Electricity,262.8,1/1/2022,7/28/2019,4/20/2017,true
6206-165220,HH-####,Water,121.48,1/5/2022,7/7/2025,11/19/2024,false
5634-066096,HH-####,Rent,137.81,1/7/2022,12/5/2021,12/14/2022,true
6234-484064,HH-####,Internet,132.4,1/1/2022,8/17/2021,1/28/2015,false
4827-220802,HH-####,Water,244.83,2/6/2022,7/24/2018,5/2/2023,true
1684-155253,HH-####,Electricity,64.17,2/7/2022,3/30/2015,10/13/2019,true
0426-550173,HH-####,Electricity,76.83,1/6/2022,11/28/2017,12/8/2017,true
3375-535701,HH-####,Water,62.97,1/7/2022,2/9/2024,3/14/2015,true
1662-793750,HH-####,Gas,298.39,1/8/2022,6/21/2019,9/25/2021,true
6562-319632,HH-####,Electricity,162.58,2/8/2022,10/28/2019,5/23/2015,true
8631-215649,HH-####,Rent,175.08,1/2/2022,2/14/2022,3/29/2017,true
8571-875553,HH-####,Electricity,68.01,1/5/2022,8/24/2023,9/28/2021,true
7627-776347,HH-####,Gas,268.3,2/4/2022,1/12/2024,7/3/2016,false
7973-763835,HH-####,Gas,135.33,1/5/2022,3/26/2024,10/25/2022,true
5036-282787,HH-####,Water,294.18,2/4/2022,11/3/2016,12/19/2022,true
2861-799478,HH-####,Gas,273.5,1/2/2022,12/17/2018,1/29/2023,true
1967-386100,HH-####,Internet,178.93,1/3/2022,2/1/2021,9/2/2021,false
8768-984475,HH-####,Electricity,213.01,1/1/2022,1/25/2020,2/7/2024,true
4419-750361,HH-####,Gas,205.92,2/1/2022,8/9/2025,4/30/2016,true
1904-665102,HH-####,Rent,164.69,1/9/2022,10/26/2018,11/7/2018,true
8261-884975,HH-####,Rent,82.06,1/7/2022,8/4/2025,10/17/2019,true
5631-935490,HH-####,Rent,164.89,2/3/2022,6/21/2016,1/23/2017,true
5748-777256,HH-####,Water,240.61,1/9/2022,10/31/2025,1/7/2025,true
7529-011915,HH-####,Internet,228.54,2/9/2022,12/14/2018,7/21/2023,false
6168-157539,HH-####,Rent,194.24,2/2/2022,9/27/2015,9/6/2021,true
0358-425516,HH-####,Rent,240.69,2/8/2022,10/28/2020,10/29/2017,true
1916-712944,HH-####,Electricity,215.48,2/6/2022,12/18/2025,3/3/2020,true
4493-124321,HH-####,Rent,79.18,2/7/2022,10/21/2022,8/8/2022,true
8996-162481,HH-####,Internet,75.39,1/3/2022,1/24/2018,7/28/2020,true
6282-730727,HH-####,Rent,229.24,1/8/2022,6/28/2018,9/7/2019,true
2496-518798,HH-####,Gas,251.26,1/7/2022,1/20/2022,4/28/2017,true
6433-694156,HH-####,Gas,115.36,1/2/2022,4/26/2018,2/7/2022,true
7279-832981,HH-####,Internet,290.43,2/5/2022,11/9/2022,11/27/2018,false
9110-934750,HH-####,Rent,108.95,2/4/2022,2/24/2022,2/23/2017,true
8960-328237,HH-####,Gas,114.6,1/1/2022,10/26/2015,2/21/2021,true
5180-771003,HH-####,Gas,183.47,2/7/2022,5/29/2020,1/6/2019,true
3873-286385,HH-####,Gas,241.64,1/3/2022,12/29/2019,5/20/2016,true
1398-788487,HH-####,Gas,295.42,1/1/2022,12/29/2022,1/13/2021,false
8271-536427,HH-####,Electricity,248.56,2/6/2022,8/17/2022,4/30/2019,true
4088-529549,HH-####,Water,269.52,1/1/2022,9/11/2017,9/8/2017,true
7727-135575,HH-####,Water,217.67,1/3/2022,8/30/2019,12/5/2022,true
1558-854695,HH-####,Gas,66.39,1/5/2022,4/10/2025,1/21/2015,false
4452-634913,HH-####,Rent,243.53,1/3/2022,5/10/2017,2/7/2023,false
6263-445190,HH-####,Rent,139.74,2/4/2022,7/5/2015,10/19/2016,true
8153-721720,HH-####,Gas,148.12,2/3/2022,11/25/2019,8/6/2022,true
6111-529586,HH-####,Gas,66.46,2/6/2022,9/3/2021,7/13/2020,false
8391-989507,HH-####,Internet,289.13,1/2/2022,1/1/2016,3/5/2023,false
1165-274122,HH-####,Rent,147.25,1/8/2022,9/3/2022,4/15/2020,false
1993-799771,HH-####,Gas,119.94,1/9/2022,5/5/2015,6/10/2022,false
7481-670279,HH-####,Water,287.05,2/9/2022,12/4/2019,11/10/2020,true
7071-943378,HH-####,Gas,51.62,1/7/2022,8/27/2025,11/17/2021,false
0916-351428,HH-####,Rent,200.75,1/9/2022,11/4/2020,7/23/2019,false
7765-646665,HH-####,Water,150.95,1/4/2022,4/14/2025,10/12/2020,true
4506-816641,HH-####,Electricity,199.38,2/2/2022,11/21/2020,12/10/2018,false
1300-554970,HH-####,Internet,247.27,2/2/2022,11/19/2016,2/26/2018,false
9086-849344,HH-####,Electricity,184.82,2/1/2022,8/29/2020,6/23/2021,true
0686-924362,HH-####,Rent,79.29,1/7/2022,5/17/2017,7/30/2020,false
0732-585520,HH-####,Internet,74.12,1/8/2022,4/30/2017,7/27/2021,true
4006-228675,HH-####,Rent,261.7,1/3/2022,8/26/2020,3/15/2021,true
8940-207740,HH-####,Gas,92.8,2/7/2022,12/10/2016,10/7/2019,true
3310-568488,HH-####,Internet,123.13,1/1/2022,4/16/2020,5/13/2024,false
8070-820493,HH-####,Water,62.62,1/1/2022,4/13/2015,11/10/2022,false
3243-612503,HH-####,Water,114.07,1/4/2022,3/6/2021,9/18/2020,false
5960-686218,HH-####,Internet,172.98,2/9/2022,12/6/2022,7/24/2017,false
1627-333846,HH-####,Gas,50.51,1/1/2022,4/30/2021,12/30/2021,false
5646-152166,HH-####,Water,201.79,1/2/2022,8/13/2023,8/21/2018,true
8289-721944,HH-####,Gas,243.06,1/5/2022,3/22/2019,11/28/2023,false
5681-760641,HH-####,Internet,86.89,2/1/2022,9/11/2020,1/9/2025,true
9264-448468,HH-####,Internet,118.94,1/4/2022,8/24/2019,9/13/2016,true
6464-396122,HH-####,Water,256.32,2/5/2022,2/16/2020,5/1/2016,false
7713-764502,HH-####,Electricity,148.52,1/3/2022,2/5/2024,5/5/2016,true
4915-040447,HH-####,Internet,125.2,1/5/2022,6/10/2020,5/6/2016,false
6583-441406,HH-####,Water,66.09,2/5/2022,8/5/2017,2/11/2022,true
5836-628336,HH-####,Electricity,233.64,2/1/2022,1/5/2017,5/16/2022,true
9415-678139,HH-####,Water,208.26,2/8/2022,9/30/2019,1/18/2021,false
0085-646142,HH-####,Water,242.21,1/5/2022,10/26/2020,8/4/2018,true
6711-011834,HH-####,Water,214.54,2/1/2022,10/26/2019,5/7/2016,false
4832-019258,HH-####,Rent,147.35,2/9/2022,6/20/2025,1/10/2019,true
9893-473945,HH-####,Electricity,120.89,1/8/2022,1/5/2020,8/4/2023,false
9981-871127,HH-####,Electricity,82.7,2/2/2022,11/29/2018,11/26/2018,true
7033-169612,HH-####,Internet,288.65,2/3/2022,2/6/2015,6/4/2016,true
6054-948321,HH-####,Gas,255.03,2/6/2022,7/2/2018,12/30/2024,false
2013-529318,HH-####,Electricity,186.87,2/8/2022,11/1/2017,7/16/2024,false
4339-037564,HH-####,Internet,256.57,1/8/2022,12/15/2024,11/21/2022,true
4746-938760,HH-####,Electricity,117.3,2/7/2022,11/9/2018,5/21/2015,true
6415-017519,HH-####,Rent,161.17,2/4/2022,8/8/2018,9/17/2016,false
3954-236728,HH-####,Water,251.25,1/6/2022,5/14/2015,4/10/2022,true
6606-450192,HH-####,Rent,279.78,2/2/2022,12/3/2022,2/13/2022,false
5247-583155,HH-####,Internet,172.66,2/5/2022,10/23/2025,11/4/2022,false
3570-349581,HH-####,Water,156.49,1/4/2022,10/21/2021,12/16/2015,true
6758-054813,HH-####,Rent,224.81,1/7/2022,2/22/2018,10/13/2023,true
5559-328531,HH-####,Electricity,101.34,1/6/2022,10/9/2018,3/20/2022,false
9252-449703,HH-####,Gas,242.93,1/9/2022,8/1/2015,10/12/2017,false
2620-132684,HH-####,Gas,93.39,2/4/2022,7/28/2016,6/11/2020,false
4127-980934,HH-####,Gas,290.84,1/1/2022,11/16/2021,2/14/2018,false
4056-481567,HH-####,Gas,189.51,1/3/2022,1/11/2022,5/18/2015,true
2039-492898,HH-####,Gas,244.8,2/4/2022,9/8/2021,6/4/2018,true
4833-881950,HH-####,Water,177.78,1/3/2022,8/2/2024,12/8/2016,true
1471-133968,HH-####,Electricity,55.71,2/6/2022,2/25/2018,7/24/2019,true
9876-548419,HH-####,Internet,147.51,1/8/2022,4/3/2025,1/3/2018,true
6578-759518,HH-####,Gas,171.98,1/3/2022,6/8/2021,12/6/2016,false
9785-810814,HH-####,Rent,272.45,2/7/2022,12/14/2021,1/15/2016,false
2387-597893,HH-####,Internet,73.27,2/3/2022,1/5/2018,3/26/2021,false
1073-855830,HH-####,Gas,239.46,1/1/2022,11/16/2023,12/20/2016,false
9632-849190,HH-####,Rent,268.5,1/1/2022,2/14/2021,9/15/2021,true
4937-512838,HH-####,Rent,119.05,2/8/2022,7/2/2022,3/20/2016,false
8781-949543,HH-####,Water,191.44,1/5/2022,4/28/2015,9/7/2018,false
9781-769315,HH-####,Water,84.79,2/9/2022,11/27/2020,7/23/2021,true
5551-149485,HH-####,Internet,271.89,1/2/2022,6/8/2020,6/5/2017,false
9884-307559,HH-####,Gas,51.09,2/2/2022,3/29/2016,10/16/2019,false
5177-294815,HH-####,Rent,193.68,1/9/2022,11/30/2025,8/28/2024,true
9994-419910,HH-####,Rent,141.32,2/4/2022,3/29/2024,2/12/2022,true
8493-710696,HH-####,Electricity,86.89,2/2/2022,11/19/2018,11/28/2019,false
8440-813238,HH-####,Water,255.73,2/1/2022,5/14/2025,9/15/2020,true
7683-454153,HH-####,Electricity,192.69,2/5/2022,9/17/2018,2/11/2022,true
6774-688870,HH-####,Electricity,69.23,2/7/2022,3/28/2022,2/23/2020,true
3955-658206,HH-####,Internet,165.51,1/8/2022,3/24/2019,5/21/2023,true
0388-261581,HH-####,Rent,152.88,2/8/2022,7/2/2019,6/21/2015,true
8776-455564,HH-####,Electricity,129.19,1/1/2022,10/27/2021,9/7/2018,false
1045-951208,HH-####,Water,104.49,1/2/2022,4/26/2017,1/10/2018,false
2594-810844,HH-####,Water,263.81,1/7/2022,12/10/2019,10/25/2016,true
2136-487237,HH-####,Electricity,221.91,2/4/2022,2/17/2021,8/19/2016,true
2384-179188,HH-####,Water,269.06,1/8/2022,5/12/2019,9/22/2020,false
4573-312442,HH-####,Internet,248.23,1/7/2022,10/12/2025,3/13/2016,false
9848-380545,HH-####,Gas,208.63,2/2/2022,12/10/2022,8/28/2022,false
5448-588857,HH-####,Electricity,51.44,1/5/2022,9/23/2018,12/1/2017,true
6847-085694,HH-####,Water,247.82,2/1/2022,1/14/2024,2/26/2023,false
1210-684194,HH-####,Electricity,109.78,2/2/2022,1/29/2022,10/11/2022,false
0863-104005,HH-####,Internet,112.59,1/4/2022,2/12/2015,4/14/2024,true
8807-863343,HH-####,Internet,230.49,1/4/2022,11/26/2022,1/2/2023,false
1767-311372,HH-####,Electricity,220.75,2/8/2022,6/20/2016,4/15/2021,true
8999-673040,HH-####,Internet,78.49,2/9/2022,7/16/2016,8/29/2017,false
2409-347962,HH-####,Rent,148.58,2/1/2022,10/21/2016,12/15/2022,true
5306-891781,HH-####,Internet,93.48,1/2/2022,12/10/2025,6/8/2018,true
8536-048492,HH-####,Water,170.69,2/1/2022,8/19/2024,5/4/2018,false
7908-480604,HH-####,Rent,284.74,2/6/2022,4/3/2022,6/10/2021,false
2066-822590,HH-####,Internet,125.89,2/3/2022,7/2/2025,4/20/2020,true
9789-417672,HH-####,Water,126.83,2/2/2022,12/7/2023,4/12/2015,false
6057-890562,HH-####,Internet,230.69,2/5/2022,5/18/2024,11/28/2022,true
9428-295534,HH-####,Rent,172.64,1/2/2022,6/30/2018,10/11/2022,false
9153-963180,HH-####,Rent,285.13,2/3/2022,1/6/2018,4/27/2016,true
2677-180160,HH-####,Gas,147.19,2/3/2022,4/4/2015,12/6/2021,true
0555-764786,HH-####,Water,232.29,2/7/2022,10/21/2017,3/9/2021,false
6952-620365,HH-####,Rent,200.85,2/1/2022,5/5/2017,7/6/2015,true
2684-414035,HH-####,Electricity,238.73,2/3/2022,5/11/2015,2/28/2016,true
0586-531501,HH-####,Internet,93.72,1/4/2022,3/1/2015,6/9/2022,true
8090-341238,HH-####,Internet,53.7,1/9/2022,4/18/2015,7/27/2019,false
7171-828693,HH-####,Rent,249.86,1/1/2022,4/7/2019,7/9/2022,false
5726-579584,HH-####,Water,119.25,1/7/2022,12/20/2016,6/23/2015,true
3600-383027,HH-####,Electricity,109.83,2/6/2022,11/16/2020,5/25/2017,false
9468-324221,HH-####,Gas,64.42,2/3/2022,9/20/2024,1/11/2021,true
7135-443644,HH-####,Water,107.64,2/4/2022,7/24/2021,12/27/2019,true
9413-014639,HH-####,Electricity,140.79,1/5/2022,2/18/2019,9/16/2020,true
4916-270697,HH-####,Water,204.27,1/2/2022,4/8/2021,3/12/2021,true
9995-723417,HH-####,Water,243.76,1/1/2022,12/18/2019,1/12/2016,true
2790-604606,HH-####,Internet,127.33,1/3/2022,12/10/2017,3/5/2017,true
6203-110037,HH-####,Electricity,97.65,2/8/2022,10/21/2023,1/28/2017,true
3211-845454,HH-####,Internet,223.26,1/9/2022,9/22/2021,3/1/2017,true
5998-681975,HH-####,Internet,141.34,2/1/2022,1/3/2023,7/5/2021,false
7522-545361,HH-####,Water,229.4,1/4/2022,3/5/2025,5/29/2023,false
7599-337713,HH-####,Gas,70.51,1/7/2022,11/7/2015,10/9/2017,true
5986-378569,HH-####,Electricity,153.94,1/5/2022,1/2/2019,7/4/2023,true
7321-247851,HH-####,Electricity,104.47,2/7/2022,12/23/2016,9/6/2015,false
4583-543391,HH-####,Rent,91.11,1/5/2022,10/30/2018,8/1/2016,false
5787-701601,HH-####,Internet,240.92,1/8/2022,3/22/2017,5/16/2015,false
5737-411284,HH-####,Electricity,140.99,2/3/2022,1/18/2017,7/6/2023,false
4719-073579,HH-####,Water,81.39,1/5/2022,2/26/2021,12/29/2015,true
5046-170640,HH-####,Internet,134.85,1/5/2022,2/1/2019,8/16/2015,true
9849-298661,HH-####,Internet,297.11,2/9/2022,12/10/2019,11/4/2024,true
1187-160030,HH-####,Rent,207.02,2/9/2022,7/20/2016,5/11/2015,false
8830-092794,HH-####,Rent,233.98,2/3/2022,8/11/2023,12/14/2019,true
3838-273910,HH-####,Electricity,286.02,1/4/2022,11/19/2018,6/20/2015,true
3663-119353,HH-####,Internet,270.08,1/5/2022,8/9/2025,7/20/2023,false
7785-432089,HH-####,Internet,295.43,1/1/2022,5/28/2024,1/14/2016,true
4124-558225,HH-####,Electricity,117.47,1/8/2022,11/29/2019,2/18/2021,false
0629-658299,HH-####,Electricity,212.2,1/5/2022,8/2/2020,11/28/2024,false
6849-488001,HH-####,Water,229.6,1/8/2022,4/23/2022,2/9/2022,false
0561-414830,HH-####,Gas,170.65,1/4/2022,3/12/2017,3/27/2023,false
8875-289061,HH-####,Internet,88.6,1/3/2022,11/7/2025,12/27/2023,true
0361-565160,HH-####,Internet,249.6,1/1/2022,6/14/2020,4/28/2023,true
3436-985721,HH-####,Electricity,106.64,1/1/2022,8/14/2017,11/15/2015,true
9591-923693,HH-####,Water,60.23,2/7/2022,7/19/2019,9/18/2022,true
4408-740837,HH-####,Electricity,161.88,1/4/2022,3/23/2020,8/9/2015,true
2028-250752,HH-####,Electricity,287.8,1/9/2022,3/14/2021,11/21/2016,true
4691-352622,HH-####,Gas,54.66,2/1/2022,5/10/2025,8/3/2018,true
0546-631756,HH-####,Gas,215.01,1/4/2022,4/28/2022,9/3/2016,true
3633-840715,HH-####,Gas,119.07,1/3/2022,3/31/2016,6/14/2020,true
7059-468499,HH-####,Rent,179.93,2/4/2022,10/17/2016,1/3/2018,false
6449-115582,HH-####,Water,188.91,2/7/2022,11/8/2017,3/20/2016,true
6132-288444,HH-####,Electricity,213.24,1/1/2022,10/12/2015,8/25/2020,false
5302-778912,HH-####,Rent,179.88,1/1/2022,4/17/2018,1/20/2018,false
8024-938962,HH-####,Electricity,190.32,2/1/2022,7/15/2020,5/4/2021,true
1480-032081,HH-####,Gas,167.86,2/6/2022,8/2/2022,7/13/2024,false
3162-442553,HH-####,Electricity,74.97,2/8/2022,12/28/2020,4/10/2015,false
1368-915444,HH-####,Internet,288.02,2/1/2022,11/25/2015,11/22/2023,true
4163-578799,HH-####,Water,143.56,2/4/2022,4/21/2025,3/25/2023,true
9658-879268,HH-####,Internet,117.39,2/9/2022,8/4/2015,9/20/2020,false
4979-948676,HH-####,Water,292.61,1/4/2022,7/31/2018,3/11/2024,false
7597-964098,HH-####,Water,292.61,1/2/2022,3/23/2024,12/13/2020,true
4255-923547,HH-####,Electricity,138.09,1/3/2022,4/17/2018,9/25/2022,false
3154-088703,HH-####,Water,173.39,1/7/2022,10/30/2016,4/28/2015,true
0344-550653,HH-####,Rent,160.95,2/7/2022,4/24/2019,9/18/2023,false
5862-569150,HH-####,Internet,279.83,1/3/2022,2/12/2018,4/8/2021,false
1037-207455,HH-####,Rent,50.02,1/5/2022,6/10/2019,3/28/2022,true
6134-716709,HH-####,Internet,295.48,1/1/2022,11/29/2016,6/22/2017,false
8329-508825,HH-####,Gas,80.14,1/7/2022,10/19/2021,6/19/2020,true
8595-137084,HH-####,Gas,196.38,1/1/2022,12/17/2020,8/5/2016,true
3667-818022,HH-####,Electricity,105.7,2/7/2022,5/24/2024,1/3/2016,true
9219-683304,HH-####,Water,67.16,2/6/2022,8/21/2019,11/29/2021,false
7639-339031,HH-####,Internet,212.18,2/3/2022,12/27/2025,4/10/2016,false
6444-933986,HH-####,Gas,179.6,1/2/2022,10/25/2021,7/16/2019,false
0184-839735,HH-####,Electricity,87.48,1/4/2022,8/5/2018,9/28/2020,true
1756-047108,HH-####,Water,92.65,2/3/2022,9/19/2017,9/19/2020,true
5459-003540,HH-####,Gas,138.4,2/4/2022,12/31/2015,10/29/2023,false
7975-336348,HH-####,Internet,236.16,2/3/2022,3/14/2016,3/9/2023,true
5396-161098,HH-####,Internet,213.05,2/9/2022,8/6/2025,4/23/2024,false
7147-331135,HH-####,Rent,90.96,1/8/2022,6/26/2023,1/4/2018,true
4239-844358,HH-####,Gas,136.76,2/6/2022,11/29/2021,3/7/2019,true
6240-196101,HH-####,Internet,85.94,1/1/2022,8/17/2025,12/29/2023,false
6103-647909,HH-####,Electricity,293.76,2/1/2022,7/10/2016,2/17/2017,false
7231-866802,HH-####,Rent,258.63,1/2/2022,4/20/2023,8/23/2023,true
3492-186189,HH-####,Internet,103.54,2/3/2022,2/11/2019,1/26/2019,false
6021-062840,HH-####,Electricity,237.74,2/2/2022,2/15/2020,2/16/2018,true
5764-462221,HH-####,Gas,156.11,1/4/2022,1/27/2021,11/27/2017,false
0319-103433,HH-####,Rent,183.41,1/5/2022,3/19/2020,1/31/2022,true
1585-674028,HH-####,Electricity,127.8,2/9/2022,12/4/2023,9/19/2020,true
3313-286407,HH-####,Rent,270.07,2/2/2022,9/23/2023,8/22/2018,false
8507-323882,HH-####,Gas,64.17,2/2/2022,6/11/2020,12/12/2015,true
3679-444778,HH-####,Rent,59.15,2/6/2022,9/26/2017,8/25/2019,false
1177-296515,HH-####,Electricity,78.3,2/3/2022,7/23/2020,9/24/2022,true
0938-296457,HH-####,Electricity,162.21,1/5/2022,3/5/2018,3/20/2022,true
7600-272064,HH-####,Water,103.97,1/7/2022,11/17/2019,3/22/2024,true
5756-930040,HH-####,Water,235.92,2/4/2022,3/6/2016,1/1/2021,true
3802-513925,HH-####,Internet,153.83,2/9/2022,12/4/2020,5/28/2021,false
2132-929552,HH-####,Internet,225.69,2/1/2022,3/27/2015,8/29/2020,false
3717-437432,HH-####,Water,168.34,2/1/2022,2/24/2016,3/24/2019,false
9446-832650,HH-####,Rent,88.16,2/8/2022,2/3/2019,10/27/2020,false
3216-676269,HH-####,Gas,100.46,1/8/2022,2/21/2022,5/17/2020,false
9045-332076,HH-####,Electricity,233.89,2/4/2022,5/7/2020,4/25/2020,true
0249-088932,HH-####,Electricity,160.88,1/1/2022,11/8/2022,11/10/2016,false
6388-071878,HH-####,Water,240.49,1/2/2022,9/29/2024,11/15/2020,true
3686-583071,HH-####,Rent,217.8,1/6/2022,1/27/2022,3/17/2016,true
7437-928383,HH-####,Gas,128.91,2/8/2022,8/3/2015,6/9/2023,false
7425-065306,HH-####,Rent,223.11,2/8/2022,8/1/2023,4/19/2019,false
6940-338161,HH-####,Electricity,243.33,2/5/2022,7/27/2019,6/10/2021,true
3882-088297,HH-####,Rent,198.36,2/8/2022,7/6/2021,12/2/2024,false
2271-342942,HH-####,Internet,56.1,1/3/2022,11/3/2016,7/16/2019,true
8878-249178,HH-####,Water,219.9,2/8/2022,1/5/2020,8/21/2023,false
0895-471670,HH-####,Gas,261.05,2/6/2022,2/20/2024,12/20/2017,true
2795-208666,HH-####,Internet,82.09,2/4/2022,11/21/2025,12/12/2022,true
4930-057081,HH-####,Rent,97.61,2/9/2022,9/22/2021,11/4/2022,false
1160-240393,HH-####,Internet,290.26,1/5/2022,10/27/2024,12/31/2020,false
5468-897799,HH-####,Water,181.89,1/1/2022,12/20/2016,5/26/2021,true
2962-378606,HH-####,Internet,121.48,2/6/2022,12/9/2018,5/14/2021,false
9103-941650,HH-####,Rent,144.3,1/6/2022,1/11/2018,1/3/2025,false
5960-024527,HH-####,Rent,218.22,2/9/2022,11/30/2017,4/23/2024,false
4028-193353,HH-####,Internet,74.25,1/7/2022,9/27/2016,12/14/2018,true
1633-649606,HH-####,Rent,142.2,1/5/2022,3/31/2019,9/20/2022,true
8617-850506,HH-####,Internet,180.96,2/7/2022,4/22/2023,11/27/2015,false
7055-023410,HH-####,Electricity,195.69,2/5/2022,8/8/2017,8/18/2019,true
0252-895843,HH-####,Rent,194.51,1/9/2022,3/28/2025,5/24/2016,false
7340-628162,HH-####,Gas,161.3,2/3/2022,5/29/2025,7/21/2022,true
6109-473958,HH-####,Internet,130.32,1/5/2022,9/5/2017,7/14/2020,true
4750-147114,HH-####,Water,108.87,1/5/2022,1/19/2016,3/12/2020,true
9510-138369,HH-####,Water,204.0,2/9/2022,10/14/2019,2/26/2016,false
2428-477249,HH-####,Rent,107.24,2/1/2022,11/24/2022,4/5/2016,true
1919-254843,HH-####,Rent,228.89,2/7/2022,8/12/2016,6/19/2017,true
5636-736496,HH-####,Rent,62.24,2/2/2022,12/3/2023,2/6/2024,true
1847-809375,HH-####,Water,113.78,1/6/2022,6/15/2015,11/28/2018,false
2521-714421,HH-####,Electricity,156.97,2/2/2022,10/6/2025,2/18/2015,false
7089-401866,HH-####,Gas,109.09,2/2/2022,9/16/2023,8/28/2020,true
0053-852185,HH-####,Rent,74.61,1/2/2022,2/7/2019,9/24/2019,true
7908-424040,HH-####,Electricity,255.41,1/1/2022,8/4/2022,5/11/2017,false
6037-409389,HH-####,Internet,91.42,2/2/2022,2/18/2015,3/10/2023,true
4048-057994,HH-####,Water,98.11,2/9/2022,10/17/2018,1/1/2016,false
1750-163600,HH-####,Internet,296.64,2/7/2022,4/1/2017,8/18/2024,true
3983-889270,HH-####,Gas,295.47,2/6/2022,6/24/2021,5/9/2017,false
4008-415226,HH-####,Rent,138.41,1/1/2022,1/14/2025,3/7/2023,false
4945-180574,HH-####,Electricity,215.26,2/4/2022,2/9/2015,12/17/2023,true
9371-484340,HH-####,Rent,110.66,2/8/2022,4/18/2015,6/26/2019,false
7587-203902,HH-####,Electricity,200.78,2/4/2022,4/13/2019,10/23/2016,true
1364-513834,HH-####,Rent,298.9,1/1/2022,3/12/2016,7/17/2017,false
9094-139788,HH-####,Gas,228.3,1/7/2022,4/17/2025,8/4/2021,true
3845-042732,HH-####,Gas,192.33,2/2/2022,7/18/2016,12/21/2018,false
0854-172210,HH-####,Water,289.24,2/2/2022,9/28/2023,1/22/2017,false
2349-776933,HH-####,Gas,278.45,1/5/2022,6/9/2016,7/21/2018,true
4056-701200,HH-####,Electricity,205.56,2/1/2022,6/20/2022,10/11/2018,false
6500-644771,HH-####,Internet,79.98,2/1/2022,8/27/2024,4/18/2021,false
1303-089319,HH-####,Electricity,145.35,1/1/2022,3/29/2023,9/3/2023,false
4079-907185,HH-####,Water,291.22,1/7/2022,4/8/2022,3/4/2023,true
4674-505410,HH-####,Electricity,264.94,2/8/2022,4/4/2022,6/3/2023,true
9171-605097,HH-####,Electricity,52.12,2/4/2022,12/12/2019,2/1/2023,false
6264-344417,HH-####,Rent,88.31,1/7/2022,2/28/2015,10/3/2020,false
4232-511544,HH-####,Water,213.04,1/8/2022,8/12/2016,5/29/2024,false
7696-666703,HH-####,Rent,244.62,2/4/2022,6/25/2015,11/28/2020,false
7249-884552,HH-####,Internet,87.13,1/7/2022,6/13/2024,9/29/2015,false
6811-711874,HH-####,Water,215.54,2/9/2022,11/3/2023,6/17/2024,true
6165-486160,HH-####,Electricity,288.19,1/1/2022,1/11/2019,6/28/2017,false
6487-296211,HH-####,Electricity,167.2,1/8/2022,8/29/2019,4/27/2015,false
9671-669709,HH-####,Water,170.39,1/5/2022,1/13/2021,6/15/2024,false
0535-069375,HH-####,Internet,227.78,1/9/2022,11/4/2022,6/14/2016,true
6580-654180,HH-####,Rent,70.93,2/7/2022,9/18/2023,1/15/2017,true
4056-968666,HH-####,Internet,101.32,2/6/2022,8/25/2024,7/26/2018,true
3354-445315,HH-####,Water,74.71,1/3/2022,3/12/2015,6/14/2020,false
9738-371142,HH-####,Water,67.05,2/6/2022,9/30/2020,4/18/2024,false
3841-537641,HH-####,Electricity,122.48,1/9/2022,2/6/2021,10/12/2022,false
9915-660994,HH-####,Rent,236.43,1/7/2022,4/23/2020,7/26/2021,false
2779-048796,HH-####,Electricity,95.05,2/2/2022,8/9/2015,11/12/2020,false
2442-397274,HH-####,Electricity,101.24,2/8/2022,11/18/2023,4/2/2024,false
6274-054960,HH-####,Rent,177.28,2/3/2022,1/16/2020,7/16/2019,false
2504-474086,HH-####,Water,196.13,1/8/2022,11/13/2019,11/15/2019,false
3207-244893,HH-####,Electricity,170.19,1/1/2022,10/30/2016,12/4/2015,true
3930-171009,HH-####,Rent,131.81,2/7/2022,1/17/2020,2/16/2017,true
7132-342040,HH-####,Internet,66.94,2/2/2022,8/24/2023,5/21/2022,true
4857-566302,HH-####,Gas,91.66,2/6/2022,4/7/2019,5/11/2019,true
2747-664790,HH-####,Gas,187.34,1/5/2022,5/10/2018,9/7/2015,false
3301-869593,HH-####,Gas,277.71,2/1/2022,12/2/2021,10/27/2018,true
6636-009750,HH-####,Rent,202.82,1/2/2022,1/13/2018,6/13/2019,false
7399-185089,HH-####,Internet,111.46,2/6/2022,11/15/2020,4/3/2022,true
6477-650531,HH-####,Rent,103.63,1/5/2022,7/18/2023,2/4/2018,false
3889-614879,HH-####,Electricity,233.68,1/3/2022,3/25/2018,6/25/2021,true
1328-767032,HH-####,Gas,74.94,2/8/2022,8/15/2022,2/3/2022,false
5180-775896,HH-####,Internet,158.37,2/4/2022,2/3/2020,3/23/2019,false
7941-416313,HH-####,Water,51.15,1/8/2022,4/29/2019,4/15/2015,true
3399-687114,HH-####,Water,269.68,2/9/2022,4/3/2024,4/19/2023,false
3560-910740,HH-####,Gas,59.98,1/6/2022,6/28/2025,9/23/2017,true
4491-363356,HH-####,Water,177.75,1/3/2022,12/22/2022,5/2/2024,true
4418-765079,HH-####,Gas,279.66,1/9/2022,7/19/2025,4/30/2018,false
9756-285683,HH-####,Gas,246.96,1/5/2022,2/18/2019,11/16/2018,true
6145-336540,HH-####,Water,228.85,1/1/2022,4/1/2017,7/26/2021,true
1172-850297,HH-####,Water,55.24,2/5/2022,1/5/2015,7/17/2017,false
8969-784538,HH-####,Electricity,108.46,1/5/2022,10/17/2016,3/29/2016,false
8629-631219,HH-####,Rent,281.54,2/5/2022,7/17/2018,10/5/2019,false
7022-104120,HH-####,Gas,275.23,1/5/2022,6/24/2021,10/31/2019,false
8862-747715,HH-####,Internet,59.49,1/4/2022,12/19/2025,6/30/2024,false
2674-424935,HH-####,Water,68.08,1/7/2022,4/30/2020,12/8/2018,true
2751-215703,HH-####,Gas,290.62,1/5/2022,3/13/2025,9/14/2017,true
3643-681800,HH-####,Water,294.68,2/2/2022,1/22/2019,4/7/2023,true
0054-348178,HH-####,Gas,286.01,2/9/2022,7/18/2020,9/13/2023,true
2745-602571,HH-####,Gas,160.45,1/2/2022,1/10/2025,5/28/2018,false
3143-460171,HH-####,Water,111.72,2/7/2022,3/8/2023,10/21/2018,true
9696-892213,HH-####,Electricity,217.77,1/7/2022,6/25/2017,2/21/2017,true
0616-012096,HH-####,Gas,282.63,2/5/2022,1/25/2019,2/17/2021,false
3302-832881,HH-####,Electricity,64.2,1/1/2022,11/15/2023,11/25/2016,true
4646-169271,HH-####,Rent,269.58,1/2/2022,10/20/2021,6/27/2017,false
9957-459595,HH-####,Gas,153.31,1/4/2022,9/14/2021,9/27/2023,false
9266-581745,HH-####,Electricity,69.75,1/3/2022,6/13/2024,6/2/2024,true
7366-873522,HH-####,Rent,290.12,2/1/2022,2/2/2017,1/27/2021,false
7112-446773,HH-####,Electricity,191.6,2/6/2022,5/15/2024,6/10/2024,false
5728-161735,HH-####,Internet,131.19,1/2/2022,3/6/2016,7/28/2021,false
6014-689640,HH-####,Gas,222.73,1/8/2022,8/29/2015,11/7/2023,true
5255-506633,HH-####,Electricity,266.14,1/6/2022,3/25/2016,12/16/2017,true
5361-154993,HH-####,Internet,283.11,1/1/2022,8/18/2025,5/2/2020,true
7057-356530,HH-####,Electricity,140.03,1/3/2022,5/30/2023,11/28/2018,true
9741-308914,HH-####,Rent,259.37,1/6/2022,9/12/2017,8/3/2017,false
8437-571043,HH-####,Water,129.37,2/3/2022,10/18/2025,12/20/2023,true
7570-011914,HH-####,Rent,199.81,1/9/2022,11/9/2025,4/4/2017,true
3726-982516,HH-####,Electricity,217.29,1/5/2022,12/2/2015,9/25/2023,true
7545-246854,HH-####,Water,72.88,1/3/2022,9/30/2022,6/10/2023,false
4343-830250,HH-####,Internet,260.02,1/9/2022,10/6/2016,2/28/2020,true
9943-421977,HH-####,Electricity,89.5,1/2/2022,8/22/2016,2/3/2018,true
5647-405099,HH-####,Water,75.41,1/6/2022,4/26/2020,2/16/2016,false
4217-667253,HH-####,Internet,148.4,1/9/2022,8/19/2015,1/12/2023,true
0039-053532,HH-####,Rent,94.98,2/4/2022,1/31/2015,10/27/2020,false
9755-279773,HH-####,Electricity,228.14,2/9/2022,8/19/2019,8/23/2017,true
6787-277633,HH-####,Gas,109.07,2/7/2022,2/16/2024,6/8/2018,false
0516-254518,HH-####,Internet,103.34,1/1/2022,2/24/2025,12/22/2018,false
3084-372104,HH-####,Water,240.94,1/6/2022,8/3/2019,6/5/2023,false
9614-453282,HH-####,Electricity,231.74,1/7/2022,10/31/2021,12/2/2021,false
4521-128928,HH-####,Electricity,55.72,2/7/2022,7/30/2018,10/15/2023,true
6497-173771,HH-####,Water,295.07,2/5/2022,4/4/2015,5/16/2023,true
5004-667392,HH-####,Rent,299.19,1/8/2022,12/18/2023,8/1/2024,true
4465-736351,HH-####,Rent,91.59,2/8/2022,2/2/2025,7/9/2020,false
0567-587601,HH-####,Internet,242.59,2/6/2022,1/11/2020,11/7/2022,true
1087-604698,HH-####,Electricity,227.61,2/8/2022,5/23/2016,12/6/2019,true
3738-434736,HH-####,Rent,289.42,2/5/2022,9/18/2017,2/27/2020,false
1162-935261,HH-####,Internet,213.32,2/7/2022,1/17/2016,6/20/2018,false
6423-508090,HH-####,Electricity,244.49,2/1/2022,5/28/2024,11/8/2018,false
3074-021512,HH-####,Gas,240.73,2/8/2022,1/31/2021,6/9/2024,true
2759-553530,HH-####,Gas,140.13,2/6/2022,3/12/2020,11/16/2017,true
6511-138241,HH-####,Water,55.0,1/2/2022,6/25/2019,4/22/2016,true
1972-450678,HH-####,Water,217.51,1/8/2022,8/22/2018,5/16/2021,false
9731-934131,HH-####,Internet,158.59,2/8/2022,7/23/2025,9/4/2017,true
0096-782483,HH-####,Internet,181.28,1/1/2022,5/6/2019,6/12/2016,true
6501-628258,HH-####,Rent,205.93,2/7/2022,8/5/2021,3/12/2020,false
6363-516832,HH-####,Rent,80.55,2/6/2022,2/21/2016,8/25/2023,true
2595-255369,HH-####,Internet,213.79,2/8/2022,6/13/2016,2/17/2023,false
9320-144570,HH-####,Internet,100.62,1/2/2022,7/6/2020,10/30/2017,false
5581-469410,HH-####,Internet,247.5,2/9/2022,10/21/2015,10/17/2015,false
4090-172123,HH-####,Electricity,261.94,1/1/2022,12/19/2019,2/2/2022,false
1155-485995,HH-####,Gas,153.34,1/4/2022,10/6/2025,8/29/2021,false
1242-775472,HH-####,Rent,224.64,2/9/2022,7/11/2022,2/26/2021,true
7652-339680,HH-####,Electricity,264.07,2/9/2022,1/7/2020,11/20/2023,false
8202-102367,HH-####,Water,208.33,2/8/2022,12/8/2019,12/6/2021,true
4926-822790,HH-####,Water,81.18,2/2/2022,10/29/2017,7/29/2017,true
7624-265054,HH-####,Gas,147.89,1/2/2022,9/5/2024,3/1/2015,true
1991-636484,HH-####,Gas,200.38,1/7/2022,7/28/2019,8/27/2017,false
8824-835202,HH-####,Internet,191.28,1/6/2022,9/28/2016,3/30/2016,true
7453-976234,HH-####,Water,291.67,2/8/2022,4/29/2020,11/22/2016,true
1839-049334,HH-####,Rent,149.15,1/2/2022,10/15/2023,11/1/2020,false
1632-104607,HH-####,Water,163.2,1/7/2022,11/19/2017,5/28/2018,true
0514-134655,HH-####,Electricity,134.03,2/6/2022,9/11/2018,9/29/2015,true
0997-740126,HH-####,Gas,299.91,1/8/2022,1/11/2022,7/7/2018,true
9493-883054,HH-####,Gas,67.85,2/9/2022,9/27/2023,11/24/2018,true
8489-086140,HH-####,Internet,228.88,2/6/2022,5/4/2020,7/26/2019,false
8526-033953,HH-####,Water,292.72,1/1/2022,8/15/2017,10/28/2021,false
5760-487472,HH-####,Water,247.22,2/3/2022,4/30/2018,4/27/2015,false
5666-753342,HH-####,Electricity,234.01,2/4/2022,12/2/2025,12/10/2018,false
8720-931071,HH-####,Gas,284.04,2/9/2022,6/25/2016,12/11/2022,true
5373-706473,HH-####,Water,221.21,1/9/2022,6/3/2016,7/19/2024,false
6135-297401,HH-####,Rent,287.98,1/4/2022,10/7/2025,5/15/2017,false
2246-761929,HH-####,Rent,79.59,2/1/2022,5/5/2025,12/7/2016,true
1735-232222,HH-####,Internet,167.75,2/8/2022,6/29/2025,6/24/2023,true
1835-030929,HH-####,Internet,249.0,2/9/2022,3/26/2022,2/3/2021,false
7437-099047,HH-####,Gas,177.46,2/1/2022,6/16/2021,11/19/2020,false
5485-467225,HH-####,Gas,263.62,1/2/2022,2/8/2021,6/25/2017,false
4900-006415,HH-####,Internet,174.45,2/5/2022,7/22/2021,4/9/2023,true
4506-126305,HH-####,Internet,233.96,1/8/2022,7/28/2019,6/24/2020,true
9664-322937,HH-####,Gas,56.18,1/8/2022,2/4/2024,7/31/2015,true
3081-890058,HH-####,Rent,84.25,1/4/2022,8/29/2025,10/20/2017,true
3866-144443,HH-####,Gas,268.55,2/6/2022,9/18/2022,9/25/2021,false
0227-282884,HH-####,Gas,93.27,1/5/2022,8/27/2017,11/4/2021,true
2767-554213,HH-####,Internet,218.21,1/8/2022,2/11/2022,3/17/2016,true
3604-223147,HH-####,Water,109.3,2/6/2022,3/6/2015,6/25/2016,false
3341-722280,HH-####,Gas,196.45,1/1/2022,6/5/2021,4/2/2022,true
8443-787564,HH-####,Electricity,190.15,1/6/2022,12/16/2015,12/18/2021,true
3445-943306,HH-####,Internet,165.8,2/1/2022,7/17/2022,3/4/2021,false
0107-742529,HH-####,Water,246.6,2/6/2022,7/9/2020,1/2/2020,false
7004-374607,HH-####,Internet,182.76,1/8/2022,12/27/2017,10/9/2015,true
3063-257325,HH-####,Internet,245.33,2/6/2022,1/6/2022,5/24/2018,true
3568-090644,HH-####,Electricity,293.91,2/1/2022,11/7/2023,10/31/2019,true
2854-821616,HH-####,Gas,64.24,1/3/2022,5/31/2020,2/24/2017,false
3839-192321,HH-####,Electricity,261.28,1/6/2022,4/26/2022,12/6/2020,true
4989-487185,HH-####,Internet,83.36,1/6/2022,4/8/2023,3/20/2015,false
5562-169222,HH-####,Internet,75.31,1/9/2022,11/29/2025,2/19/2018,true
0061-609510,HH-####,Water,61.46,1/9/2022,9/15/2023,10/30/2019,false
8250-605191,HH-####,Water,88.98,1/6/2022,12/22/2015,7/12/2017,false
1248-080427,HH-####,Electricity,99.96,1/8/2022,5/4/2022,3/11/2020,false
1672-693023,HH-####,Internet,267.75,2/2/2022,2/13/2021,2/14/2024,true
3922-695661,HH-####,Gas,199.82,1/1/2022,2/8/2021,9/12/2022,false
4582-670627,HH-####,Internet,96.8,2/4/2022,4/9/2017,6/5/2023,false
4552-290675,HH-####,Rent,210.19,1/6/2022,6/22/2018,10/17/2021,false
2186-313251,HH-####,Gas,262.59,2/9/2022,8/21/2024,4/19/2022,false
4167-753526,HH-####,Rent,238.54,1/1/2022,7/9/2015,1/22/2016,true
1324-640291,HH-####,Gas,133.61,2/8/2022,11/29/2023,8/18/2020,true
5021-680657,HH-####,Internet,179.22,2/4/2022,6/15/2023,11/13/2018,true
0509-518734,HH-####,Gas,128.38,1/4/2022,3/6/2023,4/10/2015,false
1452-607817,HH-####,Rent,134.88,2/7/2022,1/20/2022,2/2/2015,true
4158-442479,HH-####,Gas,197.78,2/7/2022,10/5/2018,11/21/2018,false
5309-596328,HH-####,Gas,115.57,1/2/2022,4/22/2018,1/5/2021,true
4060-963848,HH-####,Rent,97.17,1/6/2022,12/19/2017,6/6/2020,true
6898-396167,HH-####,Electricity,197.05,1/3/2022,4/5/2017,2/11/2017,true
4453-019633,HH-####,Electricity,222.87,2/3/2022,1/9/2021,8/19/2021,false
2958-804682,HH-####,Water,255.53,2/6/2022,1/13/2019,12/9/2018,true
0905-342611,HH-####,Internet,75.17,1/4/2022,6/5/2019,4/12/2015,true
0606-987548,HH-####,Internet,55.63,2/5/2022,3/21/2022,4/5/2019,false
9723-196311,HH-####,Water,272.82,1/1/2022,12/6/2015,5/21/2023,false
8707-546422,HH-####,Electricity,123.68,1/9/2022,11/16/2017,5/27/2021,true
0341-644194,HH-####,Water,76.24,2/7/2022,8/22/2021,10/31/2017,true
2038-601111,HH-####,Electricity,131.51,1/6/2022,11/27/2025,10/10/2024,false
3282-161425,HH-####,Gas,79.79,2/1/2022,4/16/2018,7/16/2024,true
1138-405472,HH-####,Water,54.12,2/5/2022,7/1/2017,5/21/2018,false
9054-839787,HH-####,Gas,211.33,1/2/2022,2/17/2020,5/19/2024,true
1919-190464,HH-####,Electricity,269.52,1/5/2022,1/28/2024,4/12/2023,true
7350-132401,HH-####,Rent,66.71,1/4/2022,8/14/2016,4/12/2020,false
3775-411955,HH-####,Internet,84.44,1/3/2022,1/3/2023,3/27/2023,false
7794-621387,HH-####,Internet,61.76,1/1/2022,1/10/2020,3/21/2017,true
2321-166883,HH-####,Water,243.34,1/6/2022,10/30/2025,11/14/2020,false
7659-250782,HH-####,Rent,247.77,1/5/2022,8/9/2018,12/6/2018,true
0614-851946,HH-####,Rent,91.39,2/8/2022,1/17/2025,1/10/2021,false
7950-555885,HH-####,Rent,140.57,1/4/2022,1/3/2017,8/6/2018,true
9077-143605,HH-####,Electricity,268.19,1/5/2022,2/21/2019,10/6/2022,false
1935-818269,HH-####,Electricity,154.99,1/7/2022,3/31/2017,2/19/2016,false
4881-325101,HH-####,Electricity,168.03,2/3/2022,4/23/2022,11/18/2017,false
9023-220050,HH-####,Gas,180.02,2/2/2022,7/1/2015,9/5/2024,true
8083-865480,HH-####,Water,140.41,2/2/2022,12/11/2018,10/29/2020,false
9200-097087,HH-####,Rent,197.95,2/9/2022,9/12/2019,4/9/2018,false
5695-595243,HH-####,Water,267.48,2/6/2022,8/4/2018,10/3/2020,false
9576-939981,HH-####,Electricity,188.77,2/7/2022,8/1/2019,5/7/2015,false
5476-992849,HH-####,Gas,50.51,2/9/2022,6/12/2023,4/21/2019,true
8853-244145,HH-####,Internet,255.15,1/2/2022,9/24/2020,8/20/2020,false
4168-290410,HH-####,Rent,227.43,2/2/2022,8/9/2020,4/10/2019,true
3467-562597,HH-####,Rent,77.67,1/4/2022,7/25/2019,4/14/2023,false
6651-447025,HH-####,Rent,206.66,1/2/2022,10/21/2019,2/7/2022,true
4694-675415,HH-####,Rent,239.65,2/6/2022,10/14/2020,12/26/2015,true
8281-731247,HH-####,Rent,139.83,2/5/2022,6/16/2022,10/2/2021,true
3375-392299,HH-####,Internet,258.21,1/6/2022,9/22/2015,7/27/2021,true
8271-350950,HH-####,Gas,183.29,2/6/2022,12/9/2023,11/11/2017,false
2243-506108,HH-####,Gas,255.07,1/2/2022,12/5/2022,5/23/2024,false
0847-078808,HH-####,Rent,171.77,1/2/2022,5/14/2023,4/21/2024,false
3142-328267,HH-####,Rent,296.84,2/8/2022,2/9/2022,2/28/2024,false
0286-186091,HH-####,Internet,163.88,2/4/2022,9/12/2015,5/18/2020,false
5870-541218,HH-####,Rent,189.48,2/4/2022,9/26/2024,10/22/2015,true
5877-253724,HH-####,Electricity,219.89,1/6/2022,8/8/2021,5/7/2022,false
2242-500450,HH-####,Internet,223.42,2/4/2022,11/26/2022,11/18/2022,true
0981-725161,HH-####,Internet,214.02,1/6/2022,10/11/2017,11/13/2023,false
4846-802151,HH-####,Water,281.54,1/3/2022,10/9/2016,10/18/2021,false
5890-367649,HH-####,Electricity,76.13,1/6/2022,8/9/2023,8/26/2020,true
6830-905433,HH-####,Rent,260.34,1/3/2022,8/15/2018,8/22/2024,true
4365-712174,HH-####,Rent,288.82,2/3/2022,4/29/2016,6/19/2018,false
9089-495375,HH-####,Gas,162.04,1/1/2022,9/29/2020,9/9/2016,false
0054-988754,HH-####,Electricity,168.72,2/9/2022,8/16/2022,11/9/2021,false
8807-369538,HH-####,Water,120.75,2/7/2022,1/24/2019,4/7/2016,false
6010-200673,HH-####,Rent,112.66,1/1/2022,6/25/2022,8/8/2023,false
3906-013781,HH-####,Internet,209.87,1/8/2022,6/15/2017,4/3/2019,false
8250-992818,HH-####,Internet,192.79,1/8/2022,6/13/2018,3/11/2022,true
2004-626924,HH-####,Internet,60.66,2/6/2022,12/2/2025,1/11/2021,false
0806-809774,HH-####,Internet,174.21,1/6/2022,12/8/2020,11/10/2019,true
9432-849287,HH-####,Gas,190.74,1/3/2022,11/19/2016,1/14/2024,false
7270-849316,HH-####,Internet,225.58,2/5/2022,4/15/2022,7/9/2020,false
3434-987637,HH-####,Electricity,120.75,1/7/2022,5/28/2016,11/4/2021,true
5552-390919,HH-####,Water,205.53,2/2/2022,7/8/2016,10/4/2018,true
0074-248002,HH-####,Water,164.42,1/9/2022,10/20/2020,5/12/2016,false
3601-584041,HH-####,Gas,216.87,1/9/2022,5/28/2023,12/15/2018,false
0721-314715,HH-####,Gas,234.46,2/6/2022,7/27/2022,1/25/2020,true
1040-434178,HH-####,Electricity,148.64,1/6/2022,10/8/2018,6/17/2015,false
2687-701112,HH-####,Gas,71.21,1/7/2022,8/4/2021,3/20/2021,false
4789-321172,HH-####,Electricity,106.59,1/6/2022,7/18/2025,12/25/2020,true
7189-516822,HH-####,Water,220.9,1/2/2022,9/14/2019,3/13/2018,false
5160-914017,HH-####,Water,255.23,2/9/2022,3/6/2016,1/8/2025,false
2255-104728,HH-####,Rent,150.04,1/6/2022,8/22/2015,7/10/2015,false
3954-933267,HH-####,Gas,218.46,2/4/2022,7/26/2020,11/30/2023,false
0991-802524,HH-####,Gas,290.53,2/2/2022,7/24/2016,5/6/2019,true
2038-635950,HH-####,Gas,282.71,1/8/2022,7/30/2019,2/21/2015,false
8124-786156,HH-####,Water,162.12,1/6/2022,12/14/2021,3/27/2019,true
5123-154621,HH-####,Rent,258.08,1/4/2022,11/27/2019,1/27/2017,false
2732-513686,HH-####,Electricity,211.02,1/7/2022,7/17/2024,7/29/2016,true
8033-735989,HH-####,Water,109.09,1/5/2022,8/9/2024,2/8/2023,false
8136-960985,HH-####,Internet,179.38,2/2/2022,4/18/2018,2/1/2017,true
1682-193218,HH-####,Rent,290.78,1/9/2022,3/17/2019,7/19/2024,false
7370-947066,HH-####,Electricity,132.89,2/4/2022,5/19/2015,5/10/2018,false
2645-108355,HH-####,Gas,170.56,1/9/2022,12/19/2024,2/17/2018,true
1269-567244,HH-####,Water,255.09,1/2/2022,10/5/2025,6/5/2021,true
5443-494980,HH-####,Gas,94.54,1/9/2022,3/20/2019,11/22/2015,false
9969-591383,HH-####,Rent,140.97,2/3/2022,4/25/2022,5/10/2020,true
2473-740284,HH-####,Internet,104.03,1/3/2022,2/14/2017,1/18/2020,true
9638-829333,HH-####,Electricity,194.71,1/6/2022,6/15/2017,2/1/2015,false
0349-037494,HH-####,Internet,144.05,1/2/2022,8/6/2019,4/2/2015,true
2353-032674,HH-####,Rent,83.03,1/1/2022,11/1/2015,3/19/2016,true
6726-108107,HH-####,Rent,111.67,2/8/2022,3/18/2019,9/9/2016,false
0100-107275,HH-####,Internet,261.72,2/2/2022,3/8/2025,4/30/2021,false
2704-070494,HH-####,Water,161.8,2/2/2022,11/24/2022,1/26/2016,true
5774-261669,HH-####,Electricity,198.94,1/5/2022,12/1/2020,5/14/2023,false
1287-871181,HH-####,Rent,208.61,2/7/2022,1/31/2015,11/4/2024,true
7523-462008,HH-####,Water,73.98,1/8/2022,10/12/2015,7/7/2015,false
7654-898408,HH-####,Electricity,163.26,1/5/2022,7/27/2025,6/7/2023,true
3087-651898,HH-####,Gas,139.71,2/5/2022,7/30/2019,3/24/2019,true
1567-813897,HH-####,Internet,86.7,1/3/2022,11/5/2018,10/23/2016,false
0071-088452,HH-####,Water,299.37,2/4/2022,6/1/2015,11/6/2021,true
4154-117247,HH-####,Gas,234.06,1/3/2022,9/17/2016,10/31/2018,false
2415-336483,HH-####,Gas,261.81,2/1/2022,12/3/2017,5/9/2018,true
7562-100831,HH-####,Gas,216.22,1/8/2022,2/18/2025,3/19/2015,true
6427-141498,HH-####,Rent,276.25,2/4/2022,3/2/2024,9/20/2017,true
9648-971165,HH-####,Rent,83.66,1/5/2022,2/18/2016,8/27/2020,true
1816-330399,HH-####,Electricity,96.57,1/8/2022,1/15/2024,6/20/2016,true
8734-693162,HH-####,Internet,61.5,2/1/2022,3/14/2022,2/6/2015,false
1697-188633,HH-####,Internet,121.75,1/3/2022,9/10/2021,2/18/2024,false
3363-107059,HH-####,Electricity,128.7,2/8/2022,8/26/2017,10/5/2021,true
7208-927021,HH-####,Gas,89.05,1/9/2022,9/5/2020,11/18/2022,false
1809-046375,HH-####,Water,241.05,1/4/2022,4/22/2019,4/6/2023,true
7070-642983,HH-####,Internet,251.55,2/7/2022,8/21/2016,4/29/2021,true
8254-304442,HH-####,Water,132.33,1/2/2022,9/23/2022,8/7/2016,true
7124-170075,HH-####,Gas,175.14,1/6/2022,8/7/2024,6/3/2021,false
6960-487167,HH-####,Electricity,249.79,1/1/2022,4/10/2015,9/28/2016,true
8815-560952,HH-####,Electricity,195.39,1/8/2022,8/11/2019,9/29/2016,true
6643-620659,HH-####,Gas,188.55,1/4/2022,8/9/2015,1/28/2018,true
3555-430448,HH-####,Rent,193.07,1/8/2022,6/23/2021,4/11/2024,false
8333-102575,HH-####,Internet,214.92,2/3/2022,1/6/2025,5/10/2015,false
0385-246560,HH-####,Gas,290.85,1/8/2022,2/6/2021,10/21/2024,true
0299-774276,HH-####,Internet,195.06,1/9/2022,3/29/2019,12/14/2015,false
2965-160298,HH-####,Internet,225.95,2/3/2022,4/15/2022,11/10/2018,false
1633-114214,HH-####,Internet,138.65,2/6/2022,11/13/2015,1/4/2024,true
8138-526137,HH-####,Electricity,133.21,2/2/2022,7/4/2015,7/1/2021,true
0633-840122,HH-####,Water,150.8,1/9/2022,8/28/2023,2/3/2022,false
2559-673822,HH-####,Electricity,115.58,1/8/2022,6/3/2015,5/23/2019,true
4144-968272,HH-####,Electricity,87.31,1/1/2022,7/26/2017,12/26/2021,true
1646-183811,HH-####,Gas,279.61,2/9/2022,10/8/2020,10/26/2022,false
9105-223523,HH-####,Electricity,117.68,1/3/2022,10/11/2019,2/25/2023,false
2666-462588,HH-####,Water,202.38,2/4/2022,9/25/2021,5/15/2016,false
3367-512042,HH-####,Gas,292.14,1/3/2022,2/17/2020,4/25/2017,true
9184-526625,HH-####,Rent,271.34,1/6/2022,2/7/2018,11/11/2021,false
2942-434576,HH-####,Gas,128.58,1/6/2022,8/26/2017,10/24/2022,false
4001-194349,HH-####,Electricity,85.15,2/4/2022,1/17/2015,11/18/2019,true
8590-697364,HH-####,Water,94.92,2/3/2022,1/8/2023,12/31/2022,true
2481-711968,HH-####,Rent,95.58,1/5/2022,5/2/2020,9/25/2020,true
4852-564435,HH-####,Gas,267.98,2/3/2022,4/5/2025,7/1/2019,true
7943-440519,HH-####,Rent,180.32,1/3/2022,7/22/2017,1/25/2017,false
4329-488534,HH-####,Electricity,202.41,2/3/2022,4/9/2025,9/28/2020,true
1230-223190,HH-####,Electricity,135.65,2/6/2022,7/11/2019,1/21/2022,false
4842-473391,HH-####,Electricity,272.85,1/9/2022,4/28/2025,12/16/2020,false
8991-743767,HH-####,Electricity,64.93,2/1/2022,11/20/2021,2/22/2018,true
6406-377673,HH-####,Internet,212.39,1/8/2022,2/2/2023,2/4/2023,false
0560-644429,HH-####,Water,177.94,2/1/2022,4/4/2023,11/6/2024,true
8509-295657,HH-####,Gas,270.97,2/4/2022,7/6/2018,11/5/2023,false
2842-838616,HH-####,Rent,195.62,1/4/2022,4/22/2015,3/10/2016,false
7832-731936,HH-####,Water,104.74,1/1/2022,3/7/2017,1/13/2024,false
8220-127636,HH-####,Internet,193.04,2/4/2022,3/9/2018,5/10/2016,true
2635-530082,HH-####,Electricity,145.07,2/3/2022,9/23/2019,4/13/2023,true
6393-579190,HH-####,Gas,150.67,1/2/2022,10/27/2018,11/16/2024,true
0244-523655,HH-####,Water,129.1,2/7/2022,5/4/2019,9/9/2016,true
1283-229564,HH-####,Electricity,242.7,1/9/2022,2/21/2018,5/6/2021,true
5094-410287,HH-####,Water,162.97,1/4/2022,1/25/2018,3/26/2022,true
8509-938358,HH-####,Water,257.32,2/9/2022,12/23/2022,5/8/2018,true
2285-403686,HH-####,Internet,208.71,1/3/2022,9/11/2024,9/21/2020,false
6981-537760,HH-####,Rent,68.31,2/6/2022,1/29/2023,3/18/2021,true
5942-688436,HH-####,Water,286.08,2/8/2022,5/27/2022,6/20/2015,true
8807-016350,HH-####,Electricity,115.09,2/2/2022,12/15/2022,12/23/2021,false
9502-655829,HH-####,Internet,98.66,1/7/2022,10/25/2025,6/17/2020,false
5397-308033,HH-####,Gas,211.42,2/7/2022,8/29/2023,3/31/2024,true
5135-170024,HH-####,Water,256.44,2/8/2022,12/17/2022,9/16/2021,false
9312-217528,HH-####,Rent,178.9,1/7/2022,11/14/2019,12/30/2015,false
7948-717560,HH-####,Rent,64.5,1/8/2022,10/22/2017,10/5/2024,false
1420-533175,HH-####,Rent,223.07,2/6/2022,1/23/2021,1/25/2024,false
3346-575619,HH-####,Water,278.22,2/1/2022,7/9/2024,7/26/2017,true
7123-852814,HH-####,Water,57.76,2/5/2022,12/10/2019,11/15/2019,true
8583-548681,HH-####,Water,132.82,2/7/2022,1/31/2019,5/27/2016,true
1129-027355,HH-####,Internet,132.95,2/6/2022,12/30/2021,5/4/2018,true
8122-207272,HH-####,Gas,226.58,1/3/2022,4/12/2025,2/3/2018,true
4692-903758,HH-####,Electricity,112.8,1/1/2022,2/23/2022,11/2/2020,true
8896-434126,HH-####,Gas,245.21,1/4/2022,1/4/2015,5/22/2023,true
8158-800416,HH-####,Electricity,136.69,1/6/2022,8/6/2022,10/17/2021,true
2745-769204,HH-####,Water,170.09,2/7/2022,6/1/2019,4/28/2022,false
6846-019986,HH-####,Gas,131.54,2/1/2022,9/28/2016,11/3/2016,false
5487-135285,HH-####,Rent,279.0,1/9/2022,3/19/2025,5/13/2019,false
2143-576751,HH-####,Water,210.54,1/7/2022,12/20/2016,5/4/2017,true
7937-506162,HH-####,Rent,197.34,2/8/2022,7/13/2016,3/18/2020,false
4021-356026,HH-####,Gas,221.15,2/9/2022,2/14/2022,6/30/2018,false
8288-633243,HH-####,Internet,51.24,1/5/2022,2/5/2015,2/13/2024,true
3262-589921,HH-####,Gas,178.99,2/7/2022,5/15/2020,7/28/2022,false
7336-775665,HH-####,Water,189.77,1/8/2022,7/17/2017,8/11/2024,true
2357-538523,HH-####,Gas,218.43,1/1/2022,10/18/2018,8/1/2019,false
1516-360333,HH-####,Electricity,196.16,2/5/2022,5/18/2024,8/23/2023,false
7219-695830,HH-####,Water,176.89,2/2/2022,1/19/2023,1/5/2016,true
8303-009693,HH-####,Rent,128.66,2/9/2022,2/25/2023,1/30/2018,true
0716-235203,HH-####,Internet,83.06,2/3/2022,8/25/2021,7/30/2023,false
4329-503976,HH-####,Electricity,117.49,1/8/2022,1/8/2015,2/10/2017,false
8872-783114,HH-####,Water,273.69,2/1/2022,7/10/2025,9/17/2021,false
2979-378682,HH-####,Rent,158.22,2/2/2022,6/4/2015,3/20/2016,true
6905-918113,HH-####,Gas,117.21,2/6/2022,7/31/2017,8/2/2020,true
4100-828343,HH-####,Water,61.83,1/4/2022,4/30/2025,12/19/2018,false
8380-067143,HH-####,Electricity,144.2,2/8/2022,4/14/2021,6/16/2018,true
4563-400183,HH-####,Water,142.85,1/8/2022,3/12/2018,2/26/2021,false
8971-539386,HH-####,Gas,170.56,1/8/2022,3/22/2024,7/11/2020,false
1026-949538,HH-####,Electricity,286.65,2/9/2022,3/3/2017,6/18/2022,true
5605-303314,HH-####,Electricity,128.16,1/7/2022,5/31/2018,5/28/2017,true
2002-726947,HH-####,Water,251.91,2/9/2022,2/25/2022,3/30/2022,true
8491-189792,HH-####,Electricity,132.2,2/6/2022,9/14/2017,11/11/2024,true
5757-887862,HH-####,Internet,298.93,1/8/2022,4/17/2017,9/30/2022,true
1300-736708,HH-####,Gas,116.95,1/8/2022,12/1/2025,11/29/2022,true
9995-874299,HH-####,Gas,171.13,1/6/2022,8/27/2018,8/9/2018,true
2265-086316,HH-####,Rent,166.5,2/5/2022,11/16/2015,3/15/2017,true
8937-035042,HH-####,Gas,211.48,1/4/2022,10/13/2023,3/31/2016,true
1065-389958,HH-####,Internet,213.87,1/3/2022,12/20/2023,9/8/2016,true
9200-182087,HH-####,Rent,261.57,2/8/2022,8/17/2020,5/10/2022,true
5357-995238,HH-####,Electricity,106.94,2/6/2022,9/6/2017,5/14/2020,true
7994-441382,HH-####,Rent,179.27,1/7/2022,11/12/2022,5/16/2017,true
1839-093961,HH-####,Water,126.8,2/6/2022,12/15/2017,2/26/2017,true
0038-085480,HH-####,Internet,198.56,1/8/2022,8/16/2018,7/10/2022,false
0789-289082,HH-####,Electricity,52.92,1/2/2022,10/22/2019,3/21/2021,false
8405-176746,HH-####,Electricity,273.36,1/5/2022,8/15/2022,10/11/2016,true
6111-360807,HH-####,Water,288.06,2/9/2022,8/25/2023,8/19/2024,true
5175-157953,HH-####,Electricity,131.87,2/7/2022,11/29/2017,11/6/2015,true
2989-177850,HH-####,Internet,225.91,2/5/2022,10/5/2019,7/14/2015,true
0598-956160,HH-####,Electricity,152.15,2/3/2022,9/28/2024,3/6/2024,true
9645-055327,HH-####,Rent,103.35,2/9/2022,11/17/2022,3/1/2022,true
8471-036283,HH-####,Gas,89.01,2/6/2022,9/17/2024,11/17/2017,false
7210-168680,HH-####,Water,116.75,1/5/2022,8/22/2023,10/23/2019,true
0223-912128,HH-####,Internet,88.51,1/7/2022,9/18/2025,6/12/2022,false
3932-084446,HH-####,Gas,171.59,1/6/2022,6/14/2015,11/13/2018,true
6102-663444,HH-####,Internet,71.78,1/9/2022,9/25/2023,4/24/2017,true
1603-550090,HH-####,Electricity,70.86,2/8/2022,6/15/2021,8/19/2017,true
3604-390292,HH-####,Rent,169.49,1/1/2022,6/26/2020,5/15/2020,true
3544-838276,HH-####,Gas,218.96,1/5/2022,5/17/2021,10/13/2017,true
4911-935967,HH-####,Water,259.11,1/7/2022,3/23/2021,8/2/2024,true
2209-339892,HH-####,Rent,78.08,1/2/2022,5/21/2023,4/13/2023,true
9045-290590,HH-####,Rent,92.76,1/2/2022,3/27/2025,10/10/2018,false
4129-149115,HH-####,Gas,188.85,1/9/2022,9/16/2020,5/19/2022,false
0802-944345,HH-####,Electricity,81.66,2/8/2022,11/12/2023,7/20/2015,true
2112-145994,HH-####,Gas,269.33,1/5/2022,10/8/2017,4/14/2016,false
0304-138456,HH-####,Water,199.14,1/7/2022,1/10/2021,4/23/2024,true
4354-790274,HH-####,Water,215.15,1/9/2022,3/16/2018,1/7/2025,true
5008-631864,HH-####,Internet,228.41,1/6/2022,6/27/2025,11/21/2015,false
5925-532972,HH-####,Internet,102.86,1/9/2022,11/2/2017,8/26/2023,true
4127-061839,HH-####,Electricity,224.01,1/6/2022,10/29/2018,6/10/2019,false
8158-867757,HH-####,Electricity,240.23,1/9/2022,2/11/2017,5/14/2016,false
6093-740314,HH-####,Electricity,279.64,2/7/2022,1/21/2024,4/20/2018,false
3317-748635,HH-####,Water,253.26,1/9/2022,12/25/2021,1/26/2017,true
8209-178020,HH-####,Rent,204.92,1/4/2022,12/1/2025,12/17/2022,false
2665-429259,HH-####,Rent,278.78,1/1/2022,7/5/2023,3/17/2021,false
5448-422611,HH-####,Water,165.32,1/7/2022,3/28/2023,12/5/2019,true
1146-115184,HH-####,Water,117.37,2/9/2022,4/20/2023,5/20/2024,false
7459-059346,HH-####,Gas,292.73,1/9/2022,5/10/2015,1/30/2019,false
7578-913213,HH-####,Gas,279.75,2/4/2022,9/2/2022,8/31/2021,false
6029-506285,HH-####,Electricity,106.48,2/5/2022,11/16/2025,5/12/2018,true
3037-357252,HH-####,Internet,56.93,1/4/2022,5/15/2023,1/8/2018,false
0193-483528,HH-####,Internet,114.86,2/7/2022,11/7/2016,9/21/2021,false
9885-587279,HH-####,Rent,54.22,2/8/2022,5/18/2016,5/20/2024,true
5338-820732,HH-####,Electricity,227.78,1/3/2022,9/7/2019,6/8/2018,false
3020-840196,HH-####,Internet,237.11,1/6/2022,5/7/2025,2/24/2018,true
2146-155632,HH-####,Internet,181.97,1/7/2022,2/9/2016,9/14/2020,false
7452-657548,HH-####,Internet,191.6,2/3/2022,1/20/2016,2/12/2021,true
4016-084270,HH-####,Rent,132.4,1/4/2022,5/13/2017,1/6/2020,true
1970-294014,HH-####,Rent,285.07,2/2/2022,1/22/2023,3/22/2020,false
3812-314885,HH-####,Electricity,173.54,2/9/2022,6/7/2024,9/25/2018,false
1950-592471,HH-####,Rent,73.82,2/1/2022,11/21/2025,1/9/2019,true
3311-365211,HH-####,Gas,56.52,1/7/2022,3/24/2018,12/3/2022,true
3358-087716,HH-####,Gas,66.13,1/4/2022,10/8/2020,10/12/2016,true
1851-772114,HH-####,Gas,153.92,2/5/2022,10/7/2023,7/21/2019,true
5285-282571,HH-####,Internet,115.66,1/4/2022,12/2/2021,1/6/2016,false
5453-424458,HH-####,Internet,75.88,1/6/2022,7/31/2024,10/9/2015,false
5383-276523,HH-####,Gas,94.06,1/8/2022,9/11/2017,11/8/2023,false
3621-373670,HH-####,Internet,183.6,1/3/2022,7/25/2023,6/3/2020,true
3044-172477,HH-####,Rent,247.6,2/6/2022,4/1/2016,3/30/2024,false
7850-849340,HH-####,Rent,184.54,2/3/2022,4/20/2017,3/5/2023,false
4698-782947,HH-####,Gas,229.65,2/1/2022,4/22/2019,5/19/2019,false
5749-763619,HH-####,Rent,171.14,2/9/2022,3/13/2017,11/11/2021,false
6189-692757,HH-####,Gas,278.73,2/8/2022,9/23/2017,1/29/2018,true
9514-264384,HH-####,Electricity,228.76,1/8/2022,3/28/2022,4/20/2020,true
4203-538491,HH-####,Rent,267.81,2/8/2022,3/14/2022,2/18/2023,true
6947-705422,HH-####,Internet,63.54,1/7/2022,3/4/2016,2/2/2024,true
9247-579408,HH-####,Water,98.08,1/2/2022,3/28/2024,10/23/2019,false
1645-347221,HH-####,Electricity,142.2,2/8/2022,3/13/2025,6/30/2022,false
0839-390092,HH-####,Internet,116.98,2/3/2022,12/12/2022,5/25/2019,true
8037-535770,HH-####,Internet,100.14,1/5/2022,2/1/2020,7/11/2017,true
2442-080486,HH-####,Rent,57.74,2/6/2022,5/13/2015,9/17/2016,false
4431-005832,HH-####,Rent,168.25,2/2/2022,2/6/2021,6/10/2024,false
3645-154971,HH-####,Rent,198.49,2/4/2022,7/23/2018,2/9/2020,true
6957-655057,HH-####,Water,224.23,1/7/2022,2/17/2020,7/6/2017,false
6306-674852,HH-####,Gas,123.89,1/7/2022,7/31/2017,4/30/2019,true
3411-736307,HH-####,Internet,247.61,2/8/2022,8/8/2020,12/13/2019,true
0966-231156,HH-####,Rent,243.52,2/6/2022,12/13/2024,7/17/2017,true
0192-803952,HH-####,Water,228.09,2/9/2022,10/22/2024,4/13/2020,true
8098-244471,HH-####,Water,136.35,2/4/2022,6/9/2023,5/2/2017,true
1592-177314,HH-####,Internet,294.16,1/2/2022,9/2/2023,11/27/2023,true
7271-388619,HH-####,Internet,158.53,1/6/2022,2/3/2024,8/29/2019,false
6644-242813,HH-####,Electricity,218.91,1/5/2022,6/28/2023,2/15/2022,false
7344-640554,HH-####,Water,210.96,1/8/2022,7/1/2016,10/23/2024,false
1817-809745,HH-####,Water,205.27,1/7/2022,5/3/2020,10/11/2015,false
3048-120218,HH-####,Rent,227.92,1/1/2022,12/23/2023,4/5/2023,false
5962-750130,HH-####,Water,50.49,2/9/2022,9/10/2021,3/15/2015,false
0683-714708,HH-####,Gas,176.15,1/3/2022,9/11/2023,2/17/2017,true
1131-552379,HH-####,Gas,289.84,1/9/2022,12/10/2015,9/23/2023,false
6929-939207,HH-####,Water,272.5,1/8/2022,8/25/2025,11/14/2024,true
8730-493429,HH-####,Rent,257.45,2/7/2022,8/31/2017,2/2/2017,false
9182-563843,HH-####,Rent,180.68,2/3/2022,12/31/2019,10/20/2016,false
5415-239354,HH-####,Electricity,197.6,1/1/2022,9/26/2025,4/23/2023,true
9792-616036,HH-####,Internet,81.29,1/9/2022,3/18/2016,6/21/2020,false
7188-513101,HH-####,Water,184.5,1/1/2022,6/6/2017,8/21/2017,true
4938-439607,HH-####,Water,270.06,2/9/2022,12/6/2015,1/6/2019,true
0653-349936,HH-####,Internet,194.25,2/3/2022,5/5/2019,4/8/2017,true
6187-667578,HH-####,Rent,219.87,1/7/2022,11/26/2015,7/23/2019,true
5270-133542,HH-####,Rent,261.95,2/3/2022,9/13/2016,4/8/2015,true
3150-533307,HH-####,Electricity,241.49,1/4/2022,6/28/2018,5/25/2020,false
0817-579311,HH-####,Rent,117.86,1/4/2022,10/11/2025,3/26/2018,false
9501-841192,HH-####,Electricity,253.61,2/1/2022,10/6/2015,2/16/2021,false
6904-140731,HH-####,Rent,256.82,2/3/2022,5/16/2015,3/6/2017,false
1522-128157,HH-####,Rent,197.41,1/5/2022,10/5/2017,8/16/2024,false
2866-146958,HH-####,Rent,81.68,1/7/2022,7/5/2016,12/26/2022,false
3929-053943,HH-####,Gas,138.42,1/4/2022,5/27/2018,5/2/2020,true
8696-757724,HH-####,Gas,138.4,2/9/2022,6/8/2022,1/14/2023,true
6518-999617,HH-####,Rent,219.08,1/4/2022,3/29/2015,12/6/2024,false
5445-419413,HH-####,Internet,200.87,1/7/2022,9/28/2015,5/25/2017,true
0217-802197,HH-####,Rent,120.42,2/4/2022,10/18/2024,12/17/2019,true
2926-838223,HH-####,Water,187.71,1/1/2022,1/31/2017,1/17/2024,true
4012-255282,HH-####,Gas,156.58,2/5/2022,6/10/2017,5/24/2023,true
5700-031975,HH-####,Gas,192.31,1/4/2022,3/24/2023,11/15/2019,false
0938-499641,HH-####,Internet,69.9,2/8/2022,4/14/2021,7/11/2024,true
0314-813717,HH-####,Internet,82.87,1/3/2022,5/23/2022,11/28/2023,false
0411-437698,HH-####,Electricity,73.39,1/6/2022,6/5/2018,3/27/2021,true
8768-419712,HH-####,Internet,211.99,1/4/2022,5/21/2022,8/21/2020,true
5264-551194,HH-####,Electricity,259.41,2/4/2022,9/10/2021,9/19/2024,false
5060-455007,HH-####,Internet,110.92,2/5/2022,5/16/2015,5/19/2023,false
2346-296840,HH-####,Rent,133.08,1/2/2022,4/15/2020,8/16/2016,false
3687-415076,HH-####,Rent,264.96,1/4/2022,6/30/2025,1/1/2017,true
7704-021652,HH-####,Internet,181.89,1/9/2022,9/10/2020,4/11/2023,false
8389-966374,HH-####,Internet,60.82,2/9/2022,4/13/2023,3/12/2018,true
9392-372547,HH-####,Internet,62.89,2/6/2022,4/23/2023,12/12/2020,false
0352-776234,HH-####,Water,81.72,1/7/2022,11/17/2023,10/12/2022,true
9288-764931,HH-####,Internet,155.4,2/9/2022,8/12/2015,3/27/2022,true
6512-152181,HH-####,Rent,97.32,1/3/2022,1/9/2015,10/30/2017,true
7428-748617,HH-####,Gas,119.3,1/8/2022,7/2/2024,2/15/2023,false
1099-611452,HH-####,Electricity,218.89,1/2/2022,1/21/2022,7/5/2021,true
7719-258551,HH-####,Gas,187.73,2/3/2022,7/16/2015,11/7/2017,true
5068-139481,HH-####,Gas,137.12,2/1/2022,4/23/2019,12/20/2024,false
8352-863003,HH-####,Water,106.9,1/1/2022,10/16/2015,8/19/2017,false
7952-572150,HH-####,Electricity,120.83,2/6/2022,3/25/2015,6/16/2018,true
2364-765635,HH-####,Gas,239.63,1/1/2022,1/7/2025,5/31/2019,false
2512-039744,HH-####,Water,173.88,1/8/2022,8/25/2017,6/14/2018,false
2045-081394,HH-####,Gas,202.17,1/2/2022,10/27/2019,10/13/2019,true
7463-276275,HH-####,Internet,170.66,1/8/2022,12/25/2020,9/11/2020,false
7163-497623,HH-####,Internet,149.23,2/5/2022,12/10/2023,12/13/2022,true
2842-788553,HH-####,Water,253.07,2/4/2022,9/15/2019,12/11/2017,false
1433-213763,HH-####,Electricity,281.27,1/6/2022,7/5/2025,1/7/2017,false
4542-059141,HH-####,Electricity,191.38,1/5/2022,9/24/2016,8/18/2024,true
0096-133804,HH-####,Rent,85.03,1/1/2022,8/14/2020,8/22/2018,false
1152-043519,HH-####,Water,109.45,2/4/2022,3/14/2021,2/14/2016,false
3932-377821,HH-####,Electricity,272.16,1/1/2022,2/6/2024,5/2/2024,true
9047-467028,HH-####,Internet,104.73,2/3/2022,11/19/2024,3/14/2022,true
1552-165428,HH-####,Gas,107.26,2/8/2022,2/25/2024,8/26/2021,false
0936-922134,HH-####,Rent,129.36,1/8/2022,8/16/2017,1/1/2018,true
3270-262665,HH-####,Electricity,154.55,1/5/2022,11/21/2023,3/9/2019,false
9910-521763,HH-####,Gas,95.47,2/3/2022,11/19/2021,12/8/2015,false
6407-215064,HH-####,Electricity,265.54,1/4/2022,11/26/2021,8/22/2015,false
2326-905477,HH-####,Rent,187.98,2/8/2022,5/22/2017,6/24/2022,false
4436-838692,HH-####,Internet,239.71,1/9/2022,4/18/2015,1/19/2024,true
3936-986070,HH-####,Internet,73.12,2/7/2022,12/29/2022,1/14/2019,false
5322-728733,HH-####,Internet,216.89,2/1/2022,10/26/2015,2/5/2018,false
2901-776542,HH-####,Water,64.96,1/9/2022,4/12/2020,5/22/2016,true
1417-572740,HH-####,Electricity,206.58,2/3/2022,6/9/2023,8/21/2015,true
2105-242203,HH-####,Gas,72.42,1/9/2022,3/27/2016,12/8/2020,true
0665-930859,HH-####,Rent,127.83,1/3/2022,5/19/2023,10/5/2019,true
2234-059270,HH-####,Rent,205.29,1/3/2022,12/19/2025,3/18/2021,false
8317-982182,HH-####,Electricity,97.9,2/4/2022,5/20/2021,7/21/2018,false
4064-484692,HH-####,Gas,215.14,1/8/2022,8/28/2025,1/13/2020,true
5736-592853,HH-####,Electricity,120.87,2/3/2022,12/18/2025,6/8/2020,false
7345-910569,HH-####,Water,85.2,2/1/2022,2/18/2025,6/29/2024,false
8680-790648,HH-####,Gas,298.4,2/1/2022,5/2/2021,9/17/2018,false
4976-146011,HH-####,Rent,286.21,1/8/2022,9/11/2022,6/30/2016,false
6474-849360,HH-####,Internet,230.55,2/9/2022,8/2/2016,1/8/2017,true
0277-338716,HH-####,Water,183.89,1/4/2022,5/26/2017,5/31/2017,true
7687-986710,HH-####,Internet,56.55,1/9/2022,10/23/2015,12/27/2015,true
2721-615945,HH-####,Water,219.04,2/6/2022,2/5/2017,3/6/2020,false
0401-015963,HH-####,Gas,254.37,2/4/2022,6/25/2025,10/9/2023,false
0948-457552,HH-####,Gas,58.03,1/9/2022,2/1/2020,11/19/2017,true
6878-877326,HH-####,Electricity,218.87,1/8/2022,12/1/2025,2/5/2019,false
5370-031115,HH-####,Water,145.07,2/1/2022,4/7/2024,7/14/2019,false
6634-757510,HH-####,Rent,133.54,2/6/2022,2/5/2020,5/27/2019,false
9457-184327,HH-####,Gas,125.44,2/7/2022,3/14/2017,6/30/2019,true
4410-972237,HH-####,Internet,200.43,2/3/2022,8/13/2021,9/15/2016,true
8570-750992,HH-####,Gas,170.73,1/1/2022,5/30/2019,3/15/2024,true
0169-001150,HH-####,Internet,204.06,1/6/2022,6/20/2021,2/8/2018,false
5200-362815,HH-####,Gas,263.85,2/8/2022,2/18/2016,11/23/2023,true
4897-589404,HH-####,Gas,175.03,2/9/2022,2/21/2025,4/8/2019,false
7564-448182,HH-####,Electricity,110.04,2/7/2022,10/12/2017,12/31/2017,true
1333-349182,HH-####,Electricity,156.5,2/6/2022,9/27/2025,7/6/2024,false
4128-607183,HH-####,Rent,132.95,2/8/2022,9/3/2020,8/10/2016,false
5741-792022,HH-####,Internet,159.19,1/8/2022,8/28/2025,4/21/2023,false
5298-097839,HH-####,Gas,133.93,1/5/2022,10/12/2019,11/21/2016,false
2138-941666,HH-####,Gas,95.57,1/5/2022,5/22/2019,6/16/2024,false
5561-301389,HH-####,Internet,136.9,2/2/2022,7/23/2020,6/16/2017,true
7396-767928,HH-####,Gas,206.9,1/3/2022,10/31/2017,11/6/2016,false
7572-750928,HH-####,Internet,142.72,2/2/2022,9/25/2022,5/16/2018,false
7742-922859,HH-####,Gas,184.81,1/9/2022,12/12/2019,3/21/2015,false
1500-754866,HH-####,Water,70.42,1/4/2022,3/31/2016,3/14/2019,false
2857-530194,HH-####,Rent,275.58,2/6/2022,12/6/2017,2/8/2015,true
2133-162931,HH-####,Gas,280.61,2/4/2022,11/12/2022,8/10/2023,true
0132-019244,HH-####,Electricity,100.38,2/7/2022,10/3/2015,8/21/2024,true
6661-532696,HH-####,Gas,296.05,2/6/2022,4/10/2021,4/29/2023,false
3468-546500,HH-####,Internet,246.42,1/7/2022,2/4/2024,11/25/2023,true
3520-260841,HH-####,Internet,156.25,1/5/2022,1/31/2016,5/23/2019,false
2190-047010,HH-####,Gas,176.91,2/8/2022,9/25/2022,7/31/2015,true
9092-322411,HH-####,Gas,149.46,2/4/2022,8/12/2018,8/2/2023,false
8232-394534,HH-####,Water,217.18,2/1/2022,1/14/2016,12/18/2023,true
7896-043439,HH-####,Water,81.78,2/1/2022,2/12/2015,5/27/2024,true
0153-767809,HH-####,Rent,76.56,2/9/2022,3/15/2025,8/1/2016,false
0524-265982,HH-####,Electricity,101.06,2/3/2022,6/19/2019,2/11/2020,true
9974-080883,HH-####,Internet,68.16,1/4/2022,3/27/2016,3/24/2017,true
0234-514831,HH-####,Water,190.95,2/8/2022,2/16/2024,12/9/2024,false
0615-407641,HH-####,Rent,263.04,1/7/2022,6/28/2019,2/28/2018,true
5159-614628,HH-####,Gas,291.0,2/4/2022,4/9/2015,5/29/2021,false
3943-940736,HH-####,Water,233.25,1/6/2022,10/6/2025,3/24/2020,true
4837-209067,HH-####,Rent,110.42,2/3/2022,8/3/2018,5/13/2017,false
4639-436086,HH-####,Gas,182.55,1/9/2022,8/17/2025,6/29/2021,true
0299-121447,HH-####,Water,101.72,2/1/2022,2/3/2022,5/22/2021,false
6141-291726,HH-####,Gas,276.92,2/4/2022,9/8/2017,2/27/2018,false
8952-678001,HH-####,Gas,70.93,2/8/2022,1/13/2020,12/22/2022,false
5532-904536,HH-####,Internet,110.31,1/4/2022,8/29/2021,1/7/2020,true
3989-407143,HH-####,Rent,108.59,2/1/2022,2/10/2021,12/17/2019,false
4336-261619,HH-####,Gas,98.37,1/5/2022,10/22/2022,8/25/2019,false
3432-501027,HH-####,Rent,154.79,1/1/2022,5/31/2016,7/4/2024,true
0132-074826,HH-####,Electricity,124.63,2/9/2022,7/8/2019,12/5/2017,true
2106-428987,HH-####,Water,159.79,1/6/2022,10/31/2022,11/16/2017,true
8604-855671,HH-####,Gas,199.54,1/7/2022,9/23/2016,9/12/2024,true
2455-412484,HH-####,Gas,92.56,2/6/2022,9/28/2020,4/19/2015,false
2759-489023,HH-####,Gas,55.42,2/8/2022,7/4/2024,1/27/2021,true
3088-454430,HH-####,Internet,189.04,2/5/2022,10/19/2018,3/5/2024,false
2459-510013,HH-####,Water,135.35,1/9/2022,5/16/2024,11/13/2022,false
0677-687908,HH-####,Rent,82.48,1/5/2022,12/24/2019,1/20/2020,true
4975-656547,HH-####,Internet,246.69,1/5/2022,2/3/2020,10/19/2018,true
8264-642209,HH-####,Rent,113.39,2/2/2022,7/28/2018,8/30/2020,false
1259-232974,HH-####,Gas,214.49,2/6/2022,9/7/2017,11/24/2020,true
3024-249126,HH-####,Internet,65.97,2/5/2022,12/22/2019,7/14/2020,false
6942-074209,HH-####,Gas,192.15,2/7/2022,11/28/2015,9/19/2018,false
6495-450968,HH-####,Gas,146.73,1/2/2022,12/21/2023,7/18/2015,true
7723-201843,HH-####,Electricity,290.31,2/2/2022,5/6/2022,5/20/2017,false
1598-999105,HH-####,Water,258.6,2/4/2022,9/28/2018,6/28/2015,true
6664-596673,HH-####,Gas,133.6,2/8/2022,6/7/2024,2/17/2023,true
2817-550037,HH-####,Water,62.85,1/5/2022,11/19/2025,7/3/2016,false
9630-869618,HH-####,Internet,94.54,1/8/2022,5/4/2022,2/10/2024,false
5830-276876,HH-####,Electricity,260.07,1/4/2022,4/30/2025,8/4/2021,false
9889-200812,HH-####,Rent,287.65,1/9/2022,12/3/2018,6/26/2017,true
2434-273731,HH-####,Rent,197.43,2/1/2022,12/26/2015,10/11/2021,true
5803-738558,HH-####,Gas,211.76,2/2/2022,9/28/2017,11/2/2017,true
8414-406477,HH-####,Electricity,142.21,1/5/2022,2/24/2020,9/20/2024,true
5051-133491,HH-####,Gas,294.72,2/9/2022,3/9/2023,7/5/2024,true
3150-964143,HH-####,Electricity,147.34,1/7/2022,1/29/2021,7/25/2024,true
0936-874373,HH-####,Water,294.49,1/3/2022,7/18/2020,8/5/2020,false
7672-963676,HH-####,Rent,164.94,1/8/2022,9/17/2016,9/11/2019,true
3762-178642,HH-####,Internet,203.38,2/3/2022,6/8/2023,5/6/2016,true
1898-291338,HH-####,Water,98.78,1/7/2022,3/12/2023,8/12/2017,true
3585-254990,HH-####,Water,241.34,2/6/2022,12/9/2019,11/8/2024,true
6704-467687,HH-####,Gas,62.56,2/7/2022,4/17/2018,10/18/2015,true
2135-021862,HH-####,Gas,180.5,2/5/2022,3/19/2024,1/25/2022,false
8507-269394,HH-####,Water,113.99,1/5/2022,5/3/2023,11/8/2022,true
8957-754141,HH-####,Electricity,163.88,1/7/2022,2/6/2020,12/18/2015,true
7303-225644,HH-####,Electricity,201.22,1/6/2022,7/25/2015,8/16/2018,false
0890-443449,HH-####,Internet,82.83,2/9/2022,6/29/2016,7/23/2020,true
3914-209092,HH-####,Electricity,163.68,1/4/2022,5/22/2023,4/21/2018,false
4453-120595,HH-####,Water,299.56,1/2/2022,10/3/2021,4/16/2022,false
1199-229037,HH-####,Gas,55.17,1/2/2022,11/22/2020,12/18/2023,true
0176-459082,HH-####,Gas,106.5,1/1/2022,11/21/2025,9/21/2020,false
1732-912576,HH-####,Electricity,121.85,2/9/2022,8/23/2016,12/10/2019,true
0119-301730,HH-####,Electricity,191.06,1/4/2022,10/27/2015,5/20/2016,true
7760-354367,HH-####,Internet,213.19,2/8/2022,9/8/2018,11/8/2015,false
9353-414974,HH-####,Electricity,67.09,2/5/2022,5/26/2019,7/18/2018,false
8184-752019,HH-####,Gas,180.29,2/7/2022,12/16/2016,8/24/2016,false
5823-842829,HH-####,Rent,162.66,1/4/2022,8/24/2021,3/29/2023,false
4835-721466,HH-####,Water,70.86,2/4/2022,8/19/2024,12/18/2021,false
4429-562776,HH-####,Gas,195.98,1/2/2022,8/13/2017,5/16/2020,false
5241-429816,HH-####,Rent,232.31,1/8/2022,7/31/2016,4/23/2017,false
2813-428960,HH-####,Rent,241.59,2/1/2022,2/23/2020,4/5/2017,false
5499-000709,HH-####,Internet,55.61,2/9/2022,7/9/2022,5/9/2023,true
5424-214767,HH-####,Electricity,295.54,2/7/2022,8/14/2020,1/28/2017,true
2439-065129,HH-####,Rent,256.01,1/1/2022,2/18/2023,9/27/2024,true
3229-467566,HH-####,Water,286.68,2/7/2022,6/5/2016,5/13/2023,true
5884-227184,HH-####,Electricity,117.86,2/4/2022,5/21/2023,3/6/2017,false
6864-628914,HH-####,Internet,73.98,2/8/2022,7/28/2023,8/13/2023,true
3148-815389,HH-####,Electricity,55.27,2/6/2022,11/17/2025,6/18/2016,true
1948-488737,HH-####,Internet,139.25,2/5/2022,10/7/2024,11/20/2020,false
3974-994690,HH-####,Gas,210.84,2/5/2022,12/29/2016,10/25/2022,true
3106-601867,HH-####,Rent,189.85,2/3/2022,5/6/2015,1/29/2019,true
3634-831867,HH-####,Rent,66.34,1/2/2022,7/29/2023,12/6/2023,false
2508-964919,HH-####,Water,259.16,2/5/2022,8/13/2018,3/27/2019,false
4864-315861,HH-####,Gas,227.08,1/7/2022,4/9/2017,2/20/2023,true
1181-006741,HH-####,Electricity,184.85,2/7/2022,4/14/2018,5/29/2016,true
3553-207374,HH-####,Gas,83.9,2/8/2022,12/28/2023,9/21/2022,false
9449-752488,HH-####,Rent,100.86,1/3/2022,9/21/2021,10/28/2023,false
3311-214310,HH-####,Gas,261.11,2/7/2022,11/5/2017,10/24/2018,true
8494-423410,HH-####,Internet,152.23,1/2/2022,10/18/2019,7/21/2020,true
1240-118158,HH-####,Gas,167.76,1/6/2022,10/16/2017,4/28/2019,true
9359-098240,HH-####,Electricity,152.41,1/4/2022,6/6/2019,4/15/2022,false
0532-581780,HH-####,Rent,295.76,1/3/2022,9/24/2022,4/12/2022,true
9983-635780,HH-####,Water,282.57,1/9/2022,3/30/2024,12/1/2017,false
0023-330797,HH-####,Internet,176.98,2/9/2022,12/18/2024,2/8/2019,false
8324-150712,HH-####,Rent,173.62,2/4/2022,1/23/2025,1/1/2022,true
4628-475536,HH-####,Electricity,102.46,2/2/2022,8/14/2022,1/14/2015,false
2815-467536,HH-####,Electricity,228.93,2/2/2022,10/15/2017,9/23/2021,false
0623-067759,HH-####,Gas,214.42,2/5/2022,6/8/2022,5/6/2022,false
