user_id,first_name,last_name,email,phone,date_of_birth,registration_date,household_id
1,Dolf,Tellwright,dtellwright0@google.fr,+420 686 438 5177,2002-02-28,2015-06-25,86
2,Christy,Whittall,cwhittall1@bloglines.com,+7 156 612 6412,1997-10-13,2023-07-07,150
3,Claybourne,Brace,cbrace2@smh.com.au,+7 207 999 1915,1986-12-15,2017-12-17,15
4,Noam,Cubbit,ncubbit3@angelfire.com,+57 134 961 6340,1987-06-17,2025-09-11,50
5,Colver,Tresler,ctresler4@shutterfly.com,+1 202 217 0201,1973-07-27,2017-11-20,62
6,Rodina,Pallent,rpallent5@php.net,+94 483 101 5620,1979-01-16,2020-05-26,192
7,Catha,Hugnot,chugnot6@rediff.com,+32 216 439 6955,1999-08-27,2015-06-03,137
8,Frederick,Abilowitz,fabilowitz7@ebay.com,+380 533 429 5342,1962-12-02,2017-07-04,64
9,Antone,Currey,acurrey8@gravatar.com,+7 401 594 0635,1997-10-16,2023-07-10,91
10,Benedetto,Myhill,bmyhill9@weibo.com,+387 766 135 7698,1994-11-05,2023-01-23,2
11,Kelsey,Cornelisse,kcornelissea@noaa.gov,+62 997 444 9004,1989-03-06,2016-08-29,71
12,Alli,Le Noire,alenoireb@economist.com,+54 604 221 4661,1993-01-07,2022-08-16,166
13,Jordana,Admans,jadmansc@dropbox.com,+56 678 649 8314,1995-02-09,2015-02-15,51
14,Allie,Lambertini,alambertinid@canalblog.com,+351 144 507 1272,1981-01-25,2017-04-02,63
15,Monro,Richley,mrichleye@lulu.com,+51 575 409 5789,1968-12-26,2025-04-14,73
16,Chevalier,Dumingos,cdumingosf@hp.com,+47 261 254 6744,1997-10-28,2016-11-08,130
17,Ogdon,Praundlin,opraundling@msu.edu,+62 913 278 9527,1965-05-01,2023-10-23,196
18,Donnajean,Barzen,dbarzenh@usatoday.com,+507 391 882 7785,1979-05-19,2024-07-07,172
19,Uta,Vinall,uvinalli@youku.com,+7 953 950 0550,1979-09-12,2021-05-12,11
20,Ashlan,Arkwright,aarkwrightj@uol.com.br,+216 929 597 3379,1975-11-08,2023-09-26,141
21,Shelden,Nield,snieldk@homestead.com,+351 987 936 2636,2001-09-30,2017-12-11,133
22,Linette,Cianelli,lcianellil@1und1.de,+62 806 148 9868,1990-02-21,2025-06-27,145
23,Shel,Varlow,svarlowm@apache.org,+7 573 601 0475,1973-05-29,2024-01-08,21
24,Bailie,Edworthy,bedworthyn@vinaora.com,+251 624 500 1813,1994-02-26,2016-05-30,175
25,Faydra,Scourge,fscourgeo@arizona.edu,+381 944 189 1679,1980-10-03,2022-08-22,69
26,Marcos,Marxsen,mmarxsenp@abc.net.au,+55 348 767 3030,1968-11-21,2023-06-01,191
27,Wilie,Ogglebie,wogglebieq@bluehost.com,+880 700 769 5011,1988-04-07,2020-01-11,164
28,Prue,Bazely,pbazelyr@ucsd.edu,+58 972 436 7487,1955-01-15,2022-07-16,85
29,Bethina,Kruszelnicki,bkruszelnickis@wisc.edu,+387 289 870 9356,1977-02-03,2023-03-27,81
30,Antonietta,Bick,abickt@webnode.com,+86 610 719 0223,1968-02-10,2023-09-03,165
31,Dulcine,Eatttok,deatttoku@instagram.com,+62 449 796 6416,1967-06-27,2021-08-11,133
32,Agace,McKeney,amckeneyv@si.edu,+62 366 389 9234,1960-11-08,2025-05-22,122
33,Kenon,Obin,kobinw@amazon.com,+380 902 157 7718,1969-01-31,2019-04-04,174
34,Nonie,MacFadzean,nmacfadzeanx@hibu.com,+7 154 433 2902,1998-03-28,2016-08-13,24
35,Adele,Tanton,atantony@mozilla.org,+62 262 745 9114,1966-07-08,2021-11-27,146
36,Lindsay,Durling,ldurlingz@microsoft.com,+63 708 814 6926,1993-03-13,2019-09-13,159
37,Lorin,Jerratsch,ljerratsch10@booking.com,+57 714 133 8770,1995-04-05,2022-04-10,172
38,Melody,Rubes,mrubes11@statcounter.com,+46 402 555 1275,1992-09-08,2021-05-16,94
39,Modesta,Godball,mgodball12@vk.com,+86 405 797 1873,1959-08-06,2016-12-16,128
40,Elias,Souch,esouch13@icio.us,+98 479 864 7459,1966-04-10,2023-12-07,32
41,Cristal,Cave,ccave14@youku.com,+7 528 289 0384,1975-09-25,2019-08-20,34
42,Brandice,Bourgourd,bbourgourd15@mozilla.com,+48 822 887 9425,1997-12-08,2016-12-14,124
43,Brita,Sale,bsale16@homestead.com,+63 864 287 5449,1974-03-30,2015-08-24,170
44,Hinze,Euels,heuels17@prlog.org,+81 114 349 4254,1973-09-17,2018-05-29,122
45,Cristi,Sussems,csussems18@spiegel.de,+963 604 592 3811,1985-08-22,2021-01-31,29
46,Barbi,Mettrick,bmettrick19@typepad.com,+86 209 485 9547,1982-10-18,2023-05-22,8
47,Farr,Stowers,fstowers1a@storify.com,+62 455 296 1428,1981-03-17,2025-01-30,168
48,Flss,McLernon,fmclernon1b@livejournal.com,+86 930 446 6867,1973-09-15,2022-11-04,75
49,Fran,Keddey,fkeddey1c@topsy.com,+30 399 153 9105,1984-02-26,2024-02-16,170
50,Lindy,Ceillier,lceillier1d@seesaa.net,+53 879 515 2113,1970-04-01,2019-07-13,199
51,Shayna,Cars,scars1e@4shared.com,+351 257 620 7472,1989-03-15,2022-01-26,155
52,Galvan,Dacey,gdacey1f@craigslist.org,+57 117 478 8970,1998-06-16,2016-07-22,198
53,Ignazio,Ladbury,iladbury1g@nbcnews.com,+370 143 676 7359,1998-01-11,2017-06-07,104
54,Jeniece,Trevaskus,jtrevaskus1h@goo.gl,+967 918 872 6883,1957-04-14,2018-12-07,86
55,Eadie,Forlong,eforlong1i@freewebs.com,+93 841 918 7042,1962-09-25,2024-05-09,60
56,Erie,Pawlaczyk,epawlaczyk1j@simplemachines.org,+375 341 928 1082,1968-10-11,2023-09-07,73
57,John,Vowell,jvowell1k@yale.edu,+679 318 143 2206,1964-10-01,2017-10-11,88
58,Chuck,Sines,csines1l@naver.com,+62 958 866 3302,1986-07-31,2024-08-26,122
59,Sonny,Mathews,smathews1m@icio.us,+86 795 565 9950,1971-03-25,2018-07-27,92
60,Zacharia,De Mitri,zdemitri1n@clickbank.net,+62 969 556 1933,1973-02-23,2024-01-28,136
61,Fleming,Grodden,fgrodden1o@facebook.com,+41 117 764 5975,1989-03-23,2015-01-12,122
62,Bendix,Eakle,beakle1p@shareasale.com,+46 450 814 0324,1970-05-19,2019-12-04,34
63,Miles,Diggin,mdiggin1q@freewebs.com,+55 549 587 2758,1982-04-17,2022-01-27,184
64,Colene,Byrde,cbyrde1r@ebay.com,+86 790 979 0666,2000-06-28,2021-03-31,160
65,Katha,Read,kread1s@tripod.com,+84 586 161 4688,1997-01-23,2019-09-20,23
66,Clarence,Sandison,csandison1t@columbia.edu,+996 987 907 3557,1982-10-19,2015-03-09,129
67,Nigel,Tapin,ntapin1u@163.com,+62 874 464 9919,2002-04-28,2015-05-24,50
68,Leonard,Mc Grath,lmcgrath1v@ucoz.com,+86 814 271 6127,1983-07-24,2021-08-26,173
69,Mandel,Smissen,msmissen1w@ucoz.com,+81 578 645 2700,1967-02-11,2023-04-03,33
70,Ferrel,Lockhurst,flockhurst1x@t-online.de,+86 806 709 0372,1961-08-28,2019-03-29,199
71,Maddy,Bugg,mbugg1y@behance.net,+1 742 768 7454,1959-02-03,2016-05-22,51
72,Rahel,Gratton,rgratton1z@yahoo.co.jp,+86 913 275 7014,1974-04-16,2023-04-19,170
73,Lonnie,Bezemer,lbezemer20@umn.edu,+62 406 938 8223,2002-04-08,2025-04-03,149
74,Irma,Rilston,irilston21@bbb.org,+86 190 207 0599,1991-08-27,2016-07-12,80
75,Nari,Dittson,ndittson22@bluehost.com,+63 185 956 7836,1967-10-26,2020-10-10,102
76,Cordula,McClaurie,cmcclaurie23@unc.edu,+93 596 226 0414,1977-05-07,2024-02-03,54
77,Phip,Dauby,pdauby24@live.com,+385 600 374 6284,1990-02-22,2023-11-24,33
78,Ralph,Keasey,rkeasey25@about.me,+55 732 535 9387,1990-11-14,2024-11-27,114
79,Elnore,Minshall,eminshall26@nasa.gov,+62 502 378 7807,1975-02-15,2025-08-13,11
80,Verine,Vearncomb,vvearncomb27@digg.com,+54 568 254 7017,1956-08-11,2023-08-13,18
81,Nikolia,Reen,nreen28@usa.gov,+351 725 695 7596,1962-02-06,2020-07-15,144
82,Ora,Sobey,osobey29@devhub.com,+86 596 111 4601,1968-06-10,2017-05-20,65
83,Fredek,Tomes,ftomes2a@engadget.com,+1 407 258 4774,1981-02-24,2015-09-02,73
84,Donal,Henrichsen,dhenrichsen2b@hao123.com,+371 415 708 4069,1982-09-17,2024-04-29,35
85,Aylmar,Rupke,arupke2c@360.cn,+63 756 570 2840,1955-12-09,2025-08-02,6
86,Hurlee,Lean,hlean2d@flickr.com,+48 536 360 1000,1971-02-25,2018-05-17,126
87,Jeni,Issit,jissit2e@mozilla.com,+62 126 568 2367,1974-09-03,2025-03-05,69
88,Janina,Stanbra,jstanbra2f@theatlantic.com,+256 266 978 8123,1980-09-22,2022-09-14,3
89,Base,Wherry,bwherry2g@google.nl,+86 891 219 0040,1982-11-18,2021-04-17,117
90,Carl,Padson,cpadson2h@parallels.com,+66 272 646 5725,1961-07-31,2021-12-16,123
91,Lyda,Hadaway,lhadaway2i@qq.com,+66 888 921 2253,1962-06-26,2021-03-27,32
92,Feliks,Codeman,fcodeman2j@free.fr,+52 717 912 8291,1975-03-08,2016-02-13,200
93,Jaquelin,Kell,jkell2k@seesaa.net,+62 372 619 3515,1956-06-21,2016-04-22,43
94,Zia,Cullagh,zcullagh2l@bloomberg.com,+966 281 549 2224,1980-10-17,2015-07-22,101
95,Giana,Braddon,gbraddon2m@hhs.gov,+30 934 489 4451,1982-07-13,2016-07-06,2
96,Clevey,Reinisch,creinisch2n@delicious.com,+7 448 652 1429,1988-11-20,2024-07-21,11
97,Jennine,Normadell,jnormadell2o@zdnet.com,+62 521 933 4980,1964-10-18,2018-12-20,123
98,Dede,Wedlake,dwedlake2p@nationalgeographic.com,+351 587 752 4584,1974-02-15,2022-11-10,168
99,Red,Georgeau,rgeorgeau2q@freewebs.com,+359 790 583 4359,1979-10-21,2018-05-08,123
100,Tessa,Dabnor,tdabnor2r@1688.com,+64 678 860 0063,1962-03-13,2022-04-11,88
101,Idette,Lomaz,ilomaz2s@rambler.ru,+234 147 202 1460,1975-02-15,2021-05-15,181
102,Nicoli,Devey,ndevey2t@de.vu,+63 391 503 0528,2002-01-29,2018-11-09,132
103,Elaina,Simonnet,esimonnet2u@telegraph.co.uk,+62 422 364 9242,1958-03-18,2019-04-03,157
104,Karola,Balaisot,kbalaisot2v@mlb.com,+62 162 578 3603,1955-03-28,2016-11-06,176
105,Alverta,Delue,adelue2w@jiathis.com,+62 167 683 4012,1992-06-01,2017-03-08,94
106,Madelin,Caruth,mcaruth2x@elpais.com,+251 158 894 7742,1958-11-01,2022-11-27,138
107,Shandeigh,Attenburrow,sattenburrow2y@xinhuanet.com,+86 881 307 2824,1964-11-22,2022-07-04,75
108,Collin,Masarrat,cmasarrat2z@fda.gov,+63 262 608 3634,1955-11-06,2018-09-15,81
109,Elmore,Relfe,erelfe30@weibo.com,+81 916 490 7139,1978-07-15,2015-11-10,191
110,Bengt,Ricciardiello,bricciardiello31@issuu.com,+355 416 109 6471,1973-12-13,2024-03-08,34
111,Dare,Celier,dcelier32@ucoz.com,+380 608 711 4709,1994-11-22,2023-12-20,19
112,Nanci,Winterflood,nwinterflood33@tamu.edu,+57 640 748 2521,1957-11-22,2018-12-04,199
113,Maris,Endean,mendean34@google.es,+420 119 579 5202,1971-08-14,2019-03-20,112
114,Martie,Vaughn,mvaughn35@webs.com,+63 909 567 9738,1969-09-08,2015-06-01,193
115,Bertram,Yurmanovev,byurmanovev36@barnesandnoble.com,+48 886 792 8051,1995-08-18,2015-04-08,116
116,Mortimer,Liger,mliger37@163.com,+595 667 583 6545,1989-08-02,2024-03-18,7
117,Bradney,Newson,bnewson38@reuters.com,+62 463 256 1269,1968-06-10,2020-02-11,197
118,Larry,Sissland,lsissland39@salon.com,+351 658 966 6921,1961-11-06,2025-06-29,108
119,Broderick,Hanes,bhanes3a@rambler.ru,+81 866 524 5289,1971-02-15,2020-07-08,67
120,Findlay,Barrar,fbarrar3b@joomla.org,+46 480 739 1406,1986-02-04,2023-03-07,1
121,Franny,Childers,fchilders3c@reddit.com,+255 484 670 0494,2002-05-31,2019-08-25,151
122,Arlina,Paxman,apaxman3d@businessinsider.com,+62 371 321 7010,1969-07-04,2017-02-22,197
123,Sammy,Banister,sbanister3e@mtv.com,+250 758 210 6205,1984-11-03,2016-12-21,147
124,Morganica,Miranda,mmiranda3f@multiply.com,+54 467 848 6698,1979-03-12,2016-07-25,67
125,Brett,Giovannardi,bgiovannardi3g@hao123.com,+54 479 505 9035,1968-02-14,2018-02-02,141
126,Matthieu,Pollak,mpollak3h@mozilla.com,+46 482 737 4268,1959-02-22,2019-10-06,128
127,Marita,Shillingford,mshillingford3i@statcounter.com,+86 144 729 4088,1963-01-25,2022-05-16,163
128,Denys,Glandon,dglandon3j@linkedin.com,+46 514 166 5238,1992-05-19,2017-10-29,184
129,Georgeanne,Hartfleet,ghartfleet3k@gravatar.com,+62 751 953 7813,1987-04-28,2021-04-02,128
130,Effie,Sprowell,esprowell3l@newyorker.com,+62 435 100 5770,1990-01-26,2016-07-28,186
131,Dusty,Fowley,dfowley3m@hibu.com,+55 464 464 9359,1982-08-22,2017-08-04,113
132,Hyacintha,Geerits,hgeerits3n@skyrock.com,+62 890 645 2412,1970-12-16,2018-03-28,67
133,Patric,O'Nolan,ponolan3o@blog.com,+86 600 650 4351,1955-02-27,2017-07-06,187
134,Britt,Alexander,balexander3p@chronoengine.com,+63 499 356 0986,1998-09-25,2018-08-16,163
135,Bekki,Yegorshin,byegorshin3q@t-online.de,+62 851 582 0293,1976-06-01,2025-06-28,31
136,Alene,Huglin,ahuglin3r@networkadvertising.org,+47 432 652 8037,1965-03-31,2015-04-28,190
137,Jeni,Dominighi,jdominighi3s@mediafire.com,+84 253 171 7460,1996-12-02,2018-11-16,179
138,Hildagarde,Tomley,htomley3t@4shared.com,+51 438 816 1680,2000-09-06,2023-06-13,153
139,Lonnie,Le Teve,lleteve3u@sina.com.cn,+598 987 219 4836,2001-04-15,2023-02-19,118
140,Darcy,Boulds,dboulds3v@mtv.com,+225 316 779 6410,1994-10-30,2022-03-14,100
141,Corly,Farrington,cfarrington3w@gizmodo.com,+216 969 317 8338,1971-05-31,2022-05-04,2
142,Egbert,Lanbertoni,elanbertoni3x@netlog.com,+7 386 834 4295,1956-10-30,2015-07-03,81
143,Alfredo,Johannes,ajohannes3y@adobe.com,+62 644 885 1883,1962-12-08,2024-10-06,118
144,Devlen,Maclean,dmaclean3z@t.co,+7 665 458 3481,1985-07-02,2022-11-22,199
145,Amalee,Gately,agately40@mozilla.com,+86 271 393 4088,1994-11-15,2020-02-02,177
146,Malissia,Ruoss,mruoss41@omniture.com,+63 946 715 4940,1983-09-09,2023-04-20,69
147,Zelma,Bartke,zbartke42@pagesperso-orange.fr,+81 277 122 0544,1959-05-30,2021-06-13,142
148,Wat,Allinson,wallinson43@aol.com,+380 776 205 7289,1990-04-10,2017-03-20,157
149,Johannah,Danielski,jdanielski44@mayoclinic.com,+351 757 224 5827,1964-06-01,2020-11-21,71
150,Dona,Castelli,dcastelli45@nba.com,+86 940 966 8629,1998-12-05,2024-10-27,121
151,Miguela,Southerns,msoutherns46@reddit.com,+51 514 684 9968,1968-03-11,2025-01-05,41
152,Hermon,Jekel,hjekel47@cbsnews.com,+7 549 723 6398,1955-06-26,2021-01-06,78
153,Mariejeanne,Spilstead,mspilstead48@wiley.com,+86 686 271 2416,1963-05-25,2020-07-25,123
154,Emma,Coulthart,ecoulthart49@fastcompany.com,+86 703 414 7220,1973-07-21,2023-10-21,179
155,Genvieve,Gately,ggately4a@webnode.com,+253 621 800 9812,1994-03-06,2017-09-17,147
156,Aile,Forgie,aforgie4b@miibeian.gov.cn,+66 989 696 8843,1978-10-06,2020-02-05,59
157,Rosanna,Sheals,rsheals4c@feedburner.com,+242 190 812 3416,1994-09-13,2025-10-22,46
158,Cyrill,Mathouse,cmathouse4d@indiegogo.com,+54 854 544 7520,1994-11-18,2023-04-12,76
159,Rhonda,Worge,rworge4e@earthlink.net,+1 966 314 1821,1983-05-30,2023-02-13,121
160,Dorelia,Pounds,dpounds4f@de.vu,+86 898 471 6189,1957-07-26,2016-11-05,184
161,Kalie,Crisford,kcrisford4g@bizjournals.com,+967 325 533 0648,1999-09-06,2018-10-13,195
162,Fiorenze,Jovanovic,fjovanovic4h@disqus.com,+374 647 149 7388,1957-08-16,2018-09-25,43
163,Kendall,Posselt,kposselt4i@apple.com,+63 149 550 3883,1989-06-04,2024-06-28,181
164,Olive,Blancowe,oblancowe4j@bandcamp.com,+62 126 129 8262,1986-01-02,2020-09-18,12
165,Sonny,Kingsworth,skingsworth4k@hubpages.com,+351 795 881 5300,1982-06-06,2020-01-16,3
166,Yule,Hamnet,yhamnet4l@blogtalkradio.com,+55 618 534 0446,1963-09-19,2018-05-11,132
167,Natalee,Sealy,nsealy4m@paginegialle.it,+880 201 272 3146,1961-10-17,2023-08-14,162
168,Merrielle,Di Boldi,mdiboldi4n@51.la,+54 810 894 9816,1967-10-09,2019-01-07,39
169,Barde,Yegorchenkov,byegorchenkov4o@ebay.com,+86 928 427 1246,1965-12-26,2019-06-09,162
170,Ros,Robottham,rrobottham4p@google.ca,+34 699 702 0101,1970-11-14,2022-08-31,154
171,Hannis,Cawdron,hcawdron4q@hud.gov,+86 319 626 6448,1988-01-02,2022-12-31,37
172,Modestia,Rolston,mrolston4r@tripod.com,+54 890 915 7109,1957-03-26,2015-03-20,129
173,Andreana,Dransfield,adransfield4s@spiegel.de,+48 311 666 3592,1968-01-24,2025-07-21,190
174,Emilia,Pane,epane4t@nasa.gov,+7 733 375 6044,1974-03-21,2024-04-15,54
175,Wilmar,Tonks,wtonks4u@blinklist.com,+46 517 111 2615,1971-01-15,2023-03-02,82
176,Clo,Lanktree,clanktree4v@arstechnica.com,+355 632 972 0549,1971-05-05,2016-02-27,145
177,Vanya,De Winton,vdewinton4w@loc.gov,+62 450 416 3223,1979-09-26,2022-05-16,107
178,Gawen,Kennler,gkennler4x@livejournal.com,+63 496 225 1059,1995-04-17,2023-12-27,146
179,Sayer,Bernon,sbernon4y@123-reg.co.uk,+967 440 727 0035,2002-05-27,2020-07-20,15
180,Gonzalo,Westhead,gwesthead4z@yahoo.com,+51 319 396 9906,1976-04-04,2022-12-03,47
181,Legra,Founds,lfounds50@altervista.org,+51 383 958 5660,1967-06-28,2018-11-21,76
182,Gladys,Kirkham,gkirkham51@illinois.edu,+63 418 259 3220,1957-09-19,2016-05-04,24
183,Shea,Cattermoul,scattermoul52@wikimedia.org,+257 914 838 1061,1972-11-07,2025-01-13,97
184,Stan,Grotty,sgrotty53@comcast.net,+375 495 481 2565,1990-07-20,2022-03-21,29
185,Caleb,Oulett,coulett54@google.ca,+27 363 381 4050,2002-03-02,2015-12-27,53
186,Almire,Hesey,ahesey55@aol.com,+62 986 308 8741,1981-03-01,2019-08-31,92
187,Salmon,Vennard,svennard56@sphinn.com,+358 874 734 7701,1978-12-09,2018-01-30,77
188,Bil,Brockie,bbrockie57@yale.edu,+57 733 604 8327,1990-10-10,2022-04-28,30
189,Ethelbert,Skellorne,eskellorne58@arizona.edu,+33 721 278 7132,1991-07-21,2015-02-04,192
190,Sadella,Whyffen,swhyffen59@odnoklassniki.ru,+351 458 270 8686,1964-09-21,2022-03-01,8
191,Gaye,Courtenay,gcourtenay5a@furl.net,+33 984 450 8073,1984-09-13,2016-09-21,120
192,Arther,Berntssen,aberntssen5b@dot.gov,+63 395 971 3552,1957-07-15,2024-02-26,63
193,Orville,Donati,odonati5c@prweb.com,+62 224 412 9238,1961-05-07,2021-08-16,118
194,Rosabelle,Mee,rmee5d@1und1.de,+86 682 525 6626,1978-06-22,2025-07-24,147
195,Denise,Thunnercliffe,dthunnercliffe5e@mtv.com,+62 728 543 0170,1968-11-11,2016-04-27,11
196,Nanine,Woollons,nwoollons5f@netvibes.com,+86 655 220 9949,1991-03-17,2022-06-02,69
197,Jacquelyn,Farmery,jfarmery5g@bandcamp.com,+82 774 577 3161,1998-04-27,2015-01-04,120
198,Tanya,Jebb,tjebb5h@senate.gov,+373 448 537 7091,1987-04-07,2017-01-08,49
199,Ketty,Lockie,klockie5i@redcross.org,+81 432 621 1972,1990-07-13,2015-07-09,196
200,Wyatan,MacRury,wmacrury5j@wordpress.org,+86 785 981 1280,1985-04-21,2021-01-19,196
